"build_time_min","deploy_time_min","commit_size_loc","num_bugs","test_coverage_pct","ticket_resolution_h","team","module","priority","deploy_status"
47.68,30.48,61,1,NA,11.7,"Gamma","ui","crítica","success"
15.55,27.8,98,1,93.8,4.01,"Alpha","db","media","failed"
36.51,23.32,84,3,73.1,4.36,"Alpha","ui","media","success"
31.21,20.74,96,0,43.5,17.06,"Gamma","auth","alta","success"
20.77,7.31,74,2,91.3,10.68,"Alpha","api","media","success"
5.69,12.44,87,2,60.8,23.87,"Alpha","api","media","rolled_back"
19.79,10.02,88,3,64.2,3.98,"Alpha","auth","media","failed"
16.21,16.75,82,7,NA,4.24,"Beta","infra","alta","success"
35.86,7.54,79,4,74.6,19.24,"Gamma","auth","baja","success"
23.77,9.15,74,1,NA,7.04,"Delta","api","baja","failed"
24.88,27.92,78,3,63.6,19.97,"Gamma","test","media","rolled_back"
19.86,19.39,79,0,70.4,1.73,"Beta","test","alta","success"
28.36,7.2,91,6,84,1.05,"Alpha","ui","baja","failed"
28.27,25.9,89,1,64.7,3.18,"Delta","infra","baja","failed"
5.57,14.47,78,0,87.5,4.32,"Alpha","api","media","success"
85.02,46.81,101,2,83.7,9.37,"Alpha","test","media","failed"
50.98,29.22,75,1,56.9,6.38,"Beta","test","media","success"
38.56,10.88,82,4,45.5,15.39,"Alpha","api","baja","success"
18.85,31.37,91,4,73.9,2.43,"Alpha","api","baja","failed"
53.67,9,77,3,57.4,6.56,"Delta","infra","baja","success"
26.31,16.22,82,8,84.5,5.98,"Gamma","db","crítica","rolled_back"
29.51,11.18,95,4,80.1,7.03,"Gamma","auth","alta","failed"
12.5,13.7,97,5,74.3,18.16,"Alpha","test","alta","failed"
92.4,19.16,100,0,88.1,10.42,"Gamma","api","media","failed"
34.25,25.47,94,1,54.9,7.65,"Alpha","ui","alta","rolled_back"
125.92,4.69,88,5,91.5,6.76,"Beta","auth","alta","success"
111.24,27.98,84,3,100,29.01,"Gamma","auth","crítica","rolled_back"
34.49,33.81,92,3,56.9,6.08,"Beta","auth","baja","success"
52.03,30.33,88,6,44.8,7.49,"Gamma","test","media","rolled_back"
110.82,39.97,84,1,105.3,4.86,"Alpha","db","media","success"
22.87,14.48,101,4,60.8,25.03,"Alpha","db","media","success"
37.21,22.09,83,1,100,3.5,"Delta","ui","media","success"
27.71,23.23,86,6,61.2,3.99,"Gamma","auth","alta","failed"
41.8,9.19,88,1,94.6,22.66,"Delta","test","media","success"
37.63,5,72,4,55.2,12.01,"Alpha","ui","alta","success"
74.83,18.53,76,7,75.9,2.26,"Gamma","auth","crítica","success"
50.17,3.22,97,3,76.2,18.72,"Gamma","db","alta","failed"
17.74,10.27,72,6,80,7.83,"Gamma","api","alta","rolled_back"
49.6,8.69,79,1,69.4,7.91,"Alpha","auth","media","success"
18.59,17.23,82,2,56.4,3.34,"Gamma","ui","crítica","success"
14.73,38.72,97,6,85.9,2.27,"Alpha","api","media","failed"
57.09,38.74,81,4,63.4,8.21,"Delta","db","alta","success"
14.25,25.1,83,0,83.3,1.47,NA,"api","alta","success"
41.05,20.05,82,1,45.4,1.34,"Alpha","auth","media","success"
18.48,8.5,79,1,90.5,1.96,"Gamma","db","baja","success"
89.36,NA,83,2,81.2,22.93,"Beta","api","alta","failed"
54.5,8.36,77,3,99.9,6.64,"Alpha","infra","alta","success"
24.98,8.63,86,2,61.4,25.86,"Alpha","db","media",NA
57.95,21.79,84,3,62.2,23.63,"Delta","infra","media","rolled_back"
44.64,16.06,77,2,75.8,77.34,"Alpha","auth","alta","success"
14.6,22.16,106,0,71.7,6.63,"Beta","api","media","rolled_back"
28.66,17.16,80,3,93,7.31,"Gamma","api","baja","success"
17.26,13.07,91,4,82.2,5.81,"Gamma","infra","baja","rolled_back"
45.36,8.13,80,3,75,5.59,"Delta","api","media","success"
21.09,41.75,97,0,76.6,5.59,"Delta","ui","alta","rolled_back"
28.16,34.81,83,3,69.2,2.92,"Delta","auth","alta","failed"
13.94,14.36,92,5,58.8,9.92,"Alpha","api","baja","failed"
16.9,20.83,88,3,74.7,3.61,"Beta","ui","media","rolled_back"
36.37,22.9,101,2,78.6,1.68,"Alpha","test","baja","success"
16.46,46.66,82,1,64.5,6.95,"Alpha","api","media","success"
29.99,18.39,93,2,59.7,7.49,"Gamma","api","alta","success"
37.23,17.89,78,1,77.1,11.98,"Gamma","ui","media","success"
28.81,31.91,85,2,NA,3.71,"Beta","api","media","success"
27.01,37.23,79,1,45.4,7.92,"Delta","auth","baja","failed"
9.83,31.46,82,3,58.4,4.7,"Delta","db","alta","failed"
27.36,28.92,86,1,72,4.71,"Delta","auth","alta","success"
9.39,25.1,95,1,72.8,NA,"Delta","infra","baja","failed"
74.21,13.86,68,3,72.2,3.53,"Beta","api","media","failed"
16.41,20.39,95,7,77.3,18.81,"Gamma","test","media","success"
36.74,NA,75,8,77.2,8.53,"Alpha","test","crítica","success"
47.64,6.03,93,1,84.1,6.66,"Beta","db","media","success"
33.24,28.06,85,1,77.3,3.67,"Delta","api","media","success"
85.02,12.67,92,4,76.5,8.39,"Alpha","infra","media","failed"
18.3,9.55,86,4,95.1,2.48,"Beta","db","media","rolled_back"
45.17,23.95,91,5,82.7,19.93,"Gamma","api","crítica","rolled_back"
16.71,13.95,87,3,82.6,53.68,"Alpha","auth","baja","success"
146.52,3.57,NA,3,87.7,4.48,"Beta","test","baja","failed"
53.59,11.89,78,4,80.9,7.94,"Delta","api","crítica","success"
26.04,4.5,82,1,67.7,8.06,"Gamma",NA,"media","success"
57.38,21.44,84,2,81.9,14.52,"Delta","ui","alta","failed"
14.75,7.79,77,2,61.8,25.7,"Alpha","infra","baja","success"
95.22,23.47,107,4,97,22.97,"Beta","ui","alta","success"
14.75,14.5,75,3,75.6,3.02,"Gamma","db","media","rolled_back"
11.14,35.25,81,5,65.1,17.25,"Delta","api","media","success"
31.86,7.45,89,2,83.4,6.2,"Alpha","ui","media","rolled_back"
60.01,13.77,70,3,64.7,19,"Beta","ui","baja","success"
32.86,8.49,87,7,96.2,8.44,"Delta","db","media","success"
19.45,45.83,64,4,76,5.55,"Alpha","api","baja","success"
75.42,NA,84,4,62.9,6.98,"Beta","infra","alta","success"
179.49,29.15,95,1,NA,8.1,"Alpha","ui","media","rolled_back"
8.41,24.44,NA,0,NA,4.86,"Beta","ui","baja","rolled_back"
92.9,12.46,NA,3,71.3,3.3,"Gamma","api","media","rolled_back"
23.75,14.32,78,3,59.4,1.68,"Alpha","api","baja",NA
65.81,30.13,79,3,66.2,55.96,"Beta","test","alta","failed"
9.23,20.9,84,5,47.8,1.85,"Beta","db","alta","failed"
27.59,18.23,60,3,71.9,8.59,"Alpha","auth","alta","success"
16.93,16.08,72,2,41.5,4.47,"Gamma","infra","baja","failed"
23.5,4.87,89,2,90.6,12.24,"Beta","api","media","success"
15.58,14.1,78,4,47.9,180.5,"Beta","db","media","success"
42.89,10.79,95,2,59.5,13.43,"Beta","auth","crítica","rolled_back"
77.59,15.64,80,2,60.3,4.29,"Beta","auth","media","success"
23.44,18.91,84,1,59.7,5.38,"Beta","infra","baja","failed"
28.23,13.11,87,1,100,25.74,"Delta","auth","baja","failed"
15.21,19.24,83,4,68.9,8.47,"Delta","test","alta","success"
66.49,24.14,74,0,86.7,111.94,"Gamma","test",NA,"success"
49.07,52.79,74,2,72.9,8.35,"Beta","ui","media","success"
11.08,33.86,94,NA,52.7,6.27,"Delta","db","baja","failed"
93.39,34.85,78,2,81.4,5.88,"Gamma","ui","media","success"
14.61,28.18,78,2,62.4,30.05,"Gamma","db","alta","rolled_back"
15.86,18.16,76,2,57.3,2.47,"Delta","test","alta","success"
11.82,10.92,81,4,49.5,6.74,"Gamma","test","alta","success"
14.36,15.68,90,6,76.4,113,NA,"test","media","success"
25.96,51.83,87,4,69.2,5.64,"Gamma","api","media","success"
48.09,17.08,78,3,58.2,7.63,"Delta","ui","media","success"
20.13,13.54,81,4,69,5.92,"Alpha","auth","media","success"
28.81,17.07,78,4,94.6,22.86,"Beta","test","crítica","rolled_back"
27.2,10.39,74,3,82.9,6.22,"Gamma","ui","baja","failed"
75.16,20.89,82,2,90.1,9.65,"Beta","auth","media","failed"
164.37,15.71,90,2,91.5,4.06,"Gamma","test","media","success"
15.67,12.62,96,1,46.8,2.84,"Gamma","api","baja","success"
125.76,4.08,77,2,68.4,10.89,"Beta","ui","media","success"
147.27,19.44,92,4,58.5,11.6,"Alpha","auth","crítica","success"
38.94,24.95,80,2,87.6,12.37,"Alpha","api","alta","success"
62.05,11.6,92,1,57.1,4.57,"Gamma","api","media","success"
9.8,21.58,101,1,78.4,3.2,"Gamma","auth","crítica","rolled_back"
45.98,22.04,82,5,NA,5.25,"Delta","auth","alta","success"
22.63,14.93,69,3,85.6,4.6,"Beta","db","crítica","success"
29.49,16.89,86,5,64.2,10.3,"Gamma","api","media","success"
48.74,10.75,87,4,62.5,3.41,"Delta","auth","crítica","success"
68.26,NA,80,1,88.4,5.33,"Beta","db","baja","failed"
32.06,8.26,85,3,72.7,20.45,"Alpha","test","media","success"
210,31.59,90,3,61.6,11.1,"Alpha","test","media","success"
50.01,21.82,78,3,84.6,4.38,"Delta","auth","media","success"
28.74,11.19,89,1,64.9,17.85,"Alpha","auth","baja","rolled_back"
45.11,NA,83,2,80.5,10.1,"Beta","api","alta","failed"
30.87,24.66,80,3,67.5,7.09,"Beta","infra","alta","success"
15.4,15.56,67,3,80.6,6.49,"Gamma","test","alta","rolled_back"
47.1,17.23,75,5,72.2,18.36,"Beta","db","alta","success"
64.36,6.21,81,7,87.8,12.36,"Alpha","auth","baja","success"
43.29,9.68,77,3,67.9,13.65,"Alpha","test","baja","failed"
42.95,19.52,82,4,77,NA,"Gamma","infra","crítica","success"
36.97,21.23,71,3,59.1,11.34,"Gamma","db","media","rolled_back"
59.95,9.46,85,5,92.2,1.97,"Gamma","auth","baja","success"
13.49,16.85,89,4,57.4,6.56,"Beta","db","baja","failed"
74.5,7.21,73,2,94.3,18.35,"Alpha","api","baja","success"
17.52,23.86,77,3,57,28.43,"Gamma","api","alta","rolled_back"
41.87,7.26,87,2,68.3,11.69,"Gamma","db","baja","success"
57,35.04,82,2,57.6,1.68,"Gamma"," UI","media","success"
39.1,34.96,88,4,NA,4.28,"Beta","ui","baja","success"
11.11,31.4,96,3,76.6,1.09,"Beta","ui","alta","success"
33.68,4.33,77,7,43.5,9.23,"Delta","db","baja","success"
41.86,10.68,78,2,87.8,36.97,"Beta","ui","alta","failed"
66.19,55.91,92,4,49.3,11.9,"Beta","test","media","success"
47.01,13.03,65,2,53.4,2.11,"Delta","db","crítica","failed"
49.59,3.6,97,4,100,11.11,"Delta","db","media","success"
73.69,11.07,85,8,70.4,2.95,"Delta","infra","media","failed"
20.18,11.55,77,2,64.7,16.89,"Gamma","db","baja","failed"
21.48,17.23,95,1,81.7,3.22,"Delta","ui","media","success"
32.92,23.86,81,4,29,18.01,"Beta","db","alta","success"
41.98,4.83,86,1,81.7,8.45,"Alpha","api","alta","failed"
88.57,22.92,89,4,63.8,5.69,"Delta","test","alta","success"
18.07,19.46,101,4,73.3,NA,"Delta","api","baja","success"
17.96,15.03,78,2,81,11.28,"Beta","api","alta","success"
56.94,14.04,72,6,80.7,9.48,"Alpha","api","alta","rolled_back"
25,33.42,99,2,50.8,12.88,"Gamma","db","baja","success"
28.49,30.29,74,4,NA,6.89,"Beta","db","alta","success"
50.59,12.77,94,5,70.2,3.08,"Delta","infra","crítica","success"
21.54,21.93,92,3,88.1,6.2,"Beta",NA,"media","failed"
19.94,14.46,78,3,94.8,10.73,"Alpha","infra","alta","success"
27.66,26.57,101,4,71.4,5.56,"Delta","api","alta","success"
25.17,25.88,86,5,72.8,5.59,"Beta","auth","baja","success"
20.48,12.01,67,4,78.1,8.89,"Gamma","ui","media","success"
61.14,30.2,81,2,82.9,29.85,"Beta","db","alta","success"
23.65,21.72,72,2,80.2,4.64,"Gamma","db","baja","rolled_back"
34.74,17.98,101,8,83.1,6.35,"Alpha","ui","alta","success"
36.45,17.91,83,3,66.1,2.64,"Beta","auth","media","success"
NA,10.24,96,2,71.4,7.17,"Beta","infra","alta","rolled_back"
42.2,12.57,78,2,86.3,3.48,"Alpha","ui","alta","success"
94.74,11.87,85,6,82.3,11.89,"Alpha","infra","alta","success"
32.8,46.5,92,4,51.7,8.23,"Gamma","auth","media","success"
19.25,21.96,84,3,89.8,5.46,"Beta","ui","media","success"
82.91,20.38,79,3,80.1,8.35,"Delta","auth","media","failed"
39.74,16.21,78,5,67.7,2.54,"Alpha","ui","baja","success"
67.34,7.63,74,1,76.6,10.65,"Gamma","api","alta","failed"
38.51,24.05,86,4,71.9,11.58,"Beta","api","crítica","success"
50.88,8.17,104,4,69,20.38,"Alpha","db","media","success"
91.12,9.16,76,2,63.7,12.1,"Beta","test","media","rolled_back"
52.49,13.2,75,0,68.9,19.89,"Alpha","auth","alta","failed"
43.06,8.06,96,6,67.6,2.34,"Beta","api","alta","rolled_back"
20.65,9.24,90,5,64.5,25.95,"Delta","test","baja","success"
49.72,32.21,76,3,81.8,2.23,"Delta","auth","baja","success"
24.78,10.19,84,4,64.1,9.36,"Gamma","ui","media","success"
152.38,11.22,85,4,100,14.68,"Delta","api","crítica","success"
42.1,5.62,73,3,61.8,17.43,"Delta","ui","media","success"
18.94,17.18,101,1,74.8,5.32,"Beta","test","media","failed"
104.45,22.62,85,3,71,2.91,"Alpha","test","media","success"
24,17.88,86,6,86,8.1,"Alpha","infra","crítica","success"
10.91,16.83,74,1,44.6,1.14,"Beta","api","baja","success"
15.94,20.3,89,3,83,5.95,"Alpha","auth","crítica","success"
34.1,18.32,93,4,66.6,20.9,"Delta","ui","media","success"
24.47,8.01,97,2,60,3.76,"Delta","db","crítica","success"
45.65,5.06,87,2,82.1,2.11,"Alpha","test","baja","success"
28.2,14.79,92,1,NA,7.27,"Delta","api","crítica","success"
9.03,48.08,95,0,85.4,17.22,"Alpha","api","baja","rolled_back"
27.04,26.11,90,3,67.5,10.13,"Alpha","ui","alta","success"
114.09,14.18,79,3,61.1,6.61,"Alpha","auth","baja","failed"
24.29,5.86,92,3,80.5,12.49,"Beta","ui","baja","success"
21.93,8.25,77,1,59.7,7.61,"Beta","test","baja","success"
30.43,13.19,90,7,86.3,8.46,"Alpha","api","media","success"
105.33,24.17,84,3,73.6,3.98,"Beta","api","media","rolled_back"
17.99,14.95,96,5,56.4,5.07,"Delta","auth","media","failed"
57.2,14.56,96,4,69.9,5.77,"Alpha","api","crítica","success"
21.55,13.42,89,3,84.4,5.38,"Alpha","ui","baja","rolled_back"
26.33,9.14,100,3,79.1,1.04,"Beta","test","baja","success"
25.83,15.41,89,2,66.4,5.91,"Alpha","api","media","success"
57.21,16.87,83,2,74,12.94,"Gamma","ui","media","success"
50.71,16.32,82,2,NA,NA,"Beta","auth","media","rolled_back"
70.34,12.2,98,1,67.1,8.72,"Alpha","ui","baja","failed"
69.82,9.12,85,2,75.4,103.74,"Alpha","test","alta","success"
150.38,22.58,90,6,89.7,6.19,"Delta","auth","media","success"
34.79,19.96,81,3,74,16.49,"Gamma","db","media","failed"
5.61,5.14,89,3,78,17.31,"Beta","api","media","success"
22.67,27.49,84,1,82.1,3,"Alpha","ui","crítica","success"
19.24,7.16,85,7,49.7,2.93,"Beta","api","alta","failed"
26.92,5.2,104,2,77.3,9.1,"Delta","auth","baja","success"
74.14,4.72,83,4,92,2.81,"Beta","auth","alta","success"
22.24,57.85,85,3,85.5,31.52,"Delta","db","alta","success"
18.84,10.18,92,1,72.2,7.3,"Delta","api","baja","success"
NA,31.66,77,3,59.3,5.04,"Gamma","ui","alta","failed"
54.08,15.12,85,0,71.9,48.04,"Gamma","api","alta","success"
27.93,21.71,100,1,59.4,4.39,"Alpha","db","baja","success"
44.2,22.25,76,0,72.8,5.24,"Gamma","ui","baja","success"
46.93,5.96,100,3,69,3.88,"Beta","api","baja","success"
42.84,5.85,91,5,66.7,6.36,"Gamma","ui","media","success"
22.21,29.99,79,1,81.5,2.64,"Alpha","api","alta","success"
55.54,12.48,96,4,67.4,10.43,"Alpha","api","baja","success"
6.77,6.29,89,4,87.3,5.46,"Delta","db","media","rolled_back"
50.9,23.47,93,4,64.4,4.06,"Beta","ui","alta","success"
43.93,10.89,75,NA,69.1,6.72,"Beta","db","media","failed"
139.23,58.56,74,3,79.1,14.85,"Alpha","db","media","success"
39.82,44.82,92,4,69.5,9.3,"Beta","ui","alta","success"
35.78,18.02,83,3,70.5,8.23,"Gamma","ui","media","success"
76.48,11.46,83,5,63.5,12.8,"Beta","db","media","success"
55.33,28.58,75,3,94.6,5.02,"Beta","api","alta","success"
33.01,20.8,77,3,67,13.45,"Alpha","api","baja","success"
32.63,14.74,89,2,52.3,2.78,"Delta","ui","baja","success"
36.49,39.03,73,5,78,4.2,"Alpha","api","alta","rolled_back"
NA,9.55,102,5,70.1,2.77,"Beta","api","media","success"
78.67,16.95,79,6,67.9,4.03,"Alpha","test","crítica","failed"
22.69,5.32,77,8,85.4,3.39,"Alpha","ui","alta","success"
26.91,11.23,93,3,80.2,9.3,"Alpha","auth","media","failed"
53.61,20.65,102,2,48,20.32,"Alpha","infra","alta","success"
25.05,28.3,88,2,76.8,12.57,"Gamma","db","media","success"
30.8,14.98,91,5,90.6,4.15,"Delta","db","alta","failed"
96.61,13.33,86,3,96.9,21.29,"Gamma","infra","media","success"
21.24,11.51,80,1,46.9,6.23,"Gamma","api","baja","success"
28.25,19.41,92,1,47.5,6.9,"Alpha","api","alta","success"
94.7,20.02,83,3,70.2,3.62,"Alpha","auth","alta","success"
26.06,21.42,80,3,65.3,220.3,"Gamma","auth","alta","success"
22.47,10.28,83,7,99.4,4.09,"Alpha","db","media","rolled_back"
39.66,13.5,74,2,61.7,11.5,"Alpha","ui","alta","rolled_back"
50.87,46.8,69,5,52.7,9.8,"Beta","auth","baja","success"
20.98,9.86,83,8,65.7,9.97,"Alpha","api","baja","success"
30.06,12.39,86,3,63.2,10.4,"Alpha","db","media","failed"
30.37,35.44,90,4,85.5,12.35,"Gamma","api","crítica","success"
16.86,8.5,73,4,99.5,7.84,"Gamma","ui","media","failed"
33.56,21.47,NA,5,NA,1.91,"Delta","infra","media","success"
108.22,32.21,89,1,79.2,22.72,"Beta","api","alta","success"
61.56,9.99,75,2,76.6,3.16,"Beta","infra","baja","rolled_back"
19.87,21.94,70,1,65.1,NA,NA,"test","crítica","failed"
42.36,18.88,86,2,100,4.66,"Delta","test","crítica","failed"
27.85,9.37,87,4,67.9,37.26,"Beta","api","baja","success"
29.53,8.79,76,1,44.4,NA,"Gamma","infra","alta","success"
60.99,9.13,86,6,86.2,7.42,"Alpha","api","media","success"
50.61,36.3,87,7,80.2,5.33,"Beta","ui","media","success"
63.37,5.2,91,2,40.9,20.97,"Gamma","test","alta","rolled_back"
45.63,21.75,104,3,81,17.42,"Beta","db","media","success"
18.9,17.75,91,5,54.8,NA,"Beta","api","crítica","success"
23.38,12.49,83,7,73.4,2.67,"Alpha","api","alta","success"
14.17,17.5,94,1,91.1,14.07,"Beta","db","media","rolled_back"
51.1,17.66,75,2,87.5,17.91,"Gamma","db","media","success"
85.78,20.71,92,1,69.3,15.72,"Beta","api","baja","failed"
10.65,23,91,5,60.5,2.09,"Beta","test","crítica","success"
35.01,36.7,82,6,78.9,5.55,"Gamma","api","baja","success"
47.41,14.96,82,3,100,9.43,"Delta",NA,"media","failed"
28.41,32.75,77,3,63.9,0.78,"Gamma","infra","media","success"
18.58,46.93,89,1,79.3,1.69,"Alpha","infra","baja","failed"
16.29,27.82,85,5,79,4.2,"Gamma","db","baja","success"
81.24,7.33,86,2,90.7,7.55,"Beta","api","alta","failed"
28.55,26.67,101,5,84.3,4.36,"Gamma","db","baja","success"
75.9,7.89,99,3,34.3,7.09,"Alpha","api","alta","success"
21,7.72,99,4,66.7,5.77,"Beta","ui","crítica","success"
81.55,7.66,94,4,50.8,10.24,"Gamma","infra","alta","success"
48.29,8.62,79,3,59.3,11.22,"Alpha","infra","media","success"
33.71,NA,89,4,52.5,6.89,"Alpha","api","media","rolled_back"
74.8,65.47,97,0,NA,17.32,"Alpha","infra","alta","failed"
25.6,10.77,88,3,79,2.39,"Beta","ui","baja","success"
25.68,3.64,84,2,83.1,9.13,"Beta","auth","baja","failed"
32.96,9.4,85,1,84.7,13.79,"Beta","auth","crítica","failed"
NA,8.99,89,1,72.7,19.16,"Gamma","auth","crítica","success"
29.84,42.86,90,1,58.4,16.01,"Beta","ui","baja","success"
29.13,12.95,71,9,70.1,29.39,"Delta","api","baja","success"
18.16,9.99,87,5,79.3,8.47,"Gamma","db","media","rolled_back"
64.76,13.28,99,4,94.7,14.45,"Beta","test","alta","success"
18.41,39.44,87,2,74,55.4,"Alpha","auth","baja","failed"
19.46,16.79,82,4,55,12.78,"Gamma","api","alta","success"
18.06,20.49,70,2,51.4,26.93,"Alpha","ui","crítica","rolled_back"
105.78,13.68,91,2,61.5,4.01,"Beta","ui","alta","failed"
48.9,18.63,91,3,68.7,3.11,"Gamma","ui","alta","success"
50.45,33.08,81,3,53.8,17.59,"Delta","api","crítica","success"
8.34,13.61,76,5,75.7,5.88,"Alpha","api","crítica","failed"
25.38,12.73,100,5,43.8,4.45,"Alpha","db","baja","rolled_back"
74.47,13.2,73,3,59.6,2.04,"Gamma",NA,"media","success"
87.6,14.38,105,5,52.9,5.3,"Alpha","auth","alta","success"
8.1,18.7,92,2,63.8,3.23,"Gamma","api","media","rolled_back"
6.45,17.79,77,1,51.7,3.52,"Delta","infra","media","rolled_back"
12.71,21.99,74,2,61.4,42.19,"Alpha","infra","crítica","success"
12.66,8.35,80,2,90.6,23.84,"Alpha","db","media","success"
55.49,8.78,82,NA,75.3,3.37,"Delta","infra","media","success"
45.53,41.88,90,4,74.8,6.04,"Delta","test","alta","success"
114.86,17.31,82,4,92.1,6.24,"Gamma","test","alta","success"
37.96,28.55,82,4,67,7.62,"Alpha","api","baja","success"
26.02,67.25,83,2,88.2,9.87,"Gamma","api","media","success"
102.4,49.03,105,4,95.1,10.42,"Gamma","db","media","failed"
57,23.7,88,3,70.9,1.7,"Alpha","db","crítica","success"
54.22,27.44,98,3,71.4,13.05,"Delta","api","media","rolled_back"
70.14,13.28,102,4,60.6,5.83,"Beta","ui","alta","failed"
28.51,10,94,3,67.8,7.24,"Alpha","db","baja","success"
42.71,11.8,91,1,77.7,19.78,"Beta","infra","baja","success"
70.7,14.18,88,3,75.2,5.5,"Beta","infra","media","rolled_back"
8.44,12.86,91,3,70.2,8.03,"Alpha","ui","baja","success"
33.48,9.19,90,1,75,8.31,"Beta","auth","media","success"
18,27.61,81,2,78.9,1.95,"Beta","api","alta","failed"
17.63,17.07,99,4,57.2,7.02,"Gamma","db","media","success"
19.23,50.22,84,1,NA,18.89,"Gamma","api","baja","success"
42.65,12.65,84,2,90.9,10.41,"Beta","infra","baja","success"
32.72,15.3,85,3,50.3,0.77,"Alpha","ui","alta","success"
15.14,16.32,95,1,68.9,2.25,"Beta","auth","alta","success"
49.93,59.17,83,3,59.7,16.88,"Beta","ui","media","success"
46.54,NA,80,3,98.5,2.14,"Beta","api","alta","rolled_back"
46.14,22.09,81,0,62.5,3.54,"Beta","api","alta","success"
42.65,33.71,93,5,79.9,4.16,"Gamma","api",NA,"success"
77.66,54.93,96,4,64.5,8.69,"Gamma","infra","crítica","success"
20.67,21.4,100,2,66.2,9.79,"Alpha","infra","alta","success"
21.78,45.61,88,4,76.1,7.47,"Beta","api","alta","success"
55.43,42.5,82,3,63.3,4.9,"Delta","auth","media","success"
50.46,20.74,81,2,61.6,2.32,"Alpha","db","baja","failed"
71.97,20.47,95,2,57.2,8.61,"Beta","auth","media","success"
32.85,34.07,73,4,75.9,2.07,"Alpha","infra","alta","success"
50.58,16.31,78,2,81.5,6.35,"Alpha","api","alta","success"
72.71,31.74,91,3,64.3,4.51,"Beta","db","media","failed"
20.21,19.04,82,4,83.8,1.45,"Delta","ui","crítica","success"
113.72,17.07,91,4,50.1,3.69,"Beta","ui","media","success"
19.87,19.36,80,2,92.9,8.68,"Beta","api","alta","success"
10.55,7.52,94,5,43.9,2.83,"Beta","auth","media","failed"
30.36,19.9,73,2,66.3,10.09,"Alpha","ui","alta","failed"
38.2,12.73,94,5,77.8,25.65,"Alpha","api","baja","success"
NA,7.69,101,3,100,14.5,"Delta",NA,"baja","success"
16.26,5.78,99,1,79.3,3.93,"Beta","infra","baja","failed"
20.7,5.91,66,1,67.2,2.13,"Gamma","test","alta","success"
72.62,6.2,83,3,75.5,2.93,"Alpha","infra","baja","success"
7.61,15.14,88,5,47.4,52.69,"Gamma","ui","crítica","rolled_back"
7.66,18.12,96,5,93.3,2.1,"Delta","api","crítica","failed"
13.41,5.21,88,2,70.1,2.25,"Beta","ui","baja","success"
70.13,14.22,75,4,67.8,38.95,"Gamma","api","media","success"
61.96,15.38,97,2,58.4,5.06,"Beta","test","alta","success"
18.36,14.04,NA,2,51.7,2.4,"Beta","auth","media","success"
34.21,16.79,84,3,44.2,5.12,"Alpha","ui","baja","success"
51.23,30.09,80,1,43.9,8.59,"Delta","ui","baja","success"
46.51,35.93,105,5,55.5,6.17,"Delta","api","alta","success"
48.06,10.9,65,2,82.9,3.7,"Alpha","auth","media","success"
38.02,46.59,69,3,79.1,5.65,"Delta","test","media","success"
41.62,47.33,89,1,63.4,2.08,"Gamma","db","media","success"
12.08,15.36,79,5,100,4.42,"Gamma","auth","crítica","success"
145.52,8.26,76,0,93.7,0.67,"Alpha","api","baja","success"
29.1,15.24,69,4,68,13.69,"Alpha","db","media","success"
46.73,13.71,82,2,54.6,13.38,"Alpha","ui","baja","failed"
12.77,20.89,84,4,72.6,6.64,"Beta","ui","baja","success"
25.64,11.87,89,2,55.7,7.38,"Beta","ui","media","success"
56.22,NA,86,2,59.9,36.46,"Alpha","auth","media",NA
36.69,8.85,80,5,95.7,8,"Alpha","auth","alta","success"
39.78,11.4,92,3,75.5,9.37,"Alpha","api","alta","failed"
13.27,12.78,87,2,88.1,41.7,"Alpha","infra","baja","success"
46.74,15.51,87,2,57.9,3.33,"Beta","auth","media","success"
23.16,53.43,92,3,67,3.76,"Beta","db","baja","rolled_back"
10.36,29.99,83,0,86.3,7.68,"Beta","api","baja","success"
51.2,8.18,86,3,78.7,2.73,"Alpha","api","alta","success"
33.48,14.57,89,3,88,21.34,"Beta","api","media","success"
19.81,30.64,86,4,42.2,8.61,"Alpha","api","alta","success"
40.15,29.6,88,1,56.6,4.79,"Alpha","api","media","success"
9.01,12.38,82,3,57.1,14.7,"Gamma","auth","crítica","success"
141.91,9.33,77,1,74.8,7.96,"Delta","api","media","success"
6.34,14.56,81,1,89.8,6.56,"Beta","api","alta","success"
41.64,10.04,84,0,76.1,4.69,"Delta","ui","media","success"
28.24,36.9,81,2,NA,41.2,"Beta","auth","baja","rolled_back"
14.49,9.56,77,4,70.8,9.27,"Beta","auth","baja","success"
NA,12.76,92,7,100,4.73,"Gamma","infra","baja","success"
24.91,17.89,75,4,80.9,22.11,"Alpha","test","crítica","success"
96.32,10.07,92,5,71.7,3.82,"Alpha","db","crítica","failed"
15.3,NA,76,4,74.7,3.59,"Beta","api","baja","success"
84.42,8.57,89,4,79.9,6.59,"Beta","infra","media","success"
48.76,9.32,76,2,71.4,2.54,"Delta","db","alta","success"
15.81,19.72,103,3,91.7,12.04,"Alpha","db","baja","success"
28.99,14.79,89,3,69.1,5.6,"Delta","ui","crítica","success"
17.52,7.24,74,2,80,9.51,"Beta","api","media","success"
8.16,8.13,89,2,93.1,4.46,"Alpha","auth","media","rolled_back"
126,9.05,92,0,72.6,13.95,"Alpha","db","alta","failed"
99.31,12.31,92,7,67.3,2.77,"Gamma","api","baja","success"
36.53,NA,92,4,80.7,27.75,"Gamma","infra","media","failed"
12.25,21.68,82,4,76.3,9.5,"Gamma","ui","media","rolled_back"
47.42,19.87,82,2,70.6,8.03,"Gamma","infra","crítica","success"
16.59,28.71,77,2,94.5,3.93,"Alpha","db","alta","success"
NA,19.18,80,2,80.4,4.65,"Delta","api","media","rolled_back"
60.79,11.7,88,4,75.5,26.79,"Delta","api","media","success"
37.81,12.51,84,0,86.1,11.86,"Delta","infra","alta","rolled_back"
31.55,NA,83,3,74,3.94,"Beta","api","media","rolled_back"
70.34,27.15,90,2,81.2,5.87,"Delta","api","media","success"
70.08,22.53,83,2,63.3,6.36,"Alpha","api","media","success"
44.48,38.09,79,0,100,7.37,"Beta","infra","media","success"
30.35,5.6,77,2,50,3.19,"Alpha","api","media","success"
63.82,34.05,81,5,66.3,4.41,"Beta","ui","media","success"
38.11,14.64,76,2,65.7,17.74,"Gamma","auth","baja","failed"
91.26,31.73,79,4,70.8,2.41,"Gamma","api","alta","success"
13.5,20.24,92,5,49.2,5.97,"Gamma","auth","alta","success"
31.21,6.85,77,2,89.1,8.44,"Gamma","ui","crítica","failed"
71.6,11,93,3,72.4,36.3,"Alpha","auth","media","success"
20.42,7.61,99,6,76.3,3.15,"Beta","api","media","success"
9.9,14.9,99,6,57.3,10.35,"Delta","ui","baja","failed"
49.21,6.96,80,5,79.9,59.31,NA,"db","media","failed"
21.82,10.39,76,3,81,4.85,NA,"api","alta","success"
23.51,14.26,85,3,51.5,NA,"Beta","api","crítica","success"
56.73,10.63,91,2,65.3,6.42,"Beta","db","alta","rolled_back"
145.51,20.96,80,1,84.2,17.39,"Alpha","auth","crítica","rolled_back"
34.17,71.02,97,4,56.7,8.13,"Alpha","ui","media","success"
64.27,28.67,72,4,79.2,6.15,"Beta","ui","media","success"
7.48,7.13,84,0,66.8,7.38,"Gamma","api","media","rolled_back"
35.28,NA,83,3,71,23.78,"Alpha","test","media","success"
9.8,6.95,71,1,83.1,15.04,"Beta","ui","alta","success"
10.06,8,81,4,83.7,10.23,"Beta","api","media","success"
88.75,26.43,77,1,46.2,7,"Beta","db","media","failed"
53.99,35.22,78,3,76.3,30.62,"Gamma","db","baja","success"
49.56,20.73,94,6,77.4,1.96,"Alpha","test","media","success"
22.78,20.07,86,3,77.7,5.15,NA,"api","media","success"
13.5,31.66,82,1,61.3,3.91,"Alpha","api","media","success"
44.73,23.57,82,2,70.5,13.41,"Delta","api","media","failed"
15.02,26.65,96,3,58.1,20.36,"Alpha","auth","media","rolled_back"
180.16,35.26,80,3,85.2,3.98,"Beta","auth","media","rolled_back"
34.98,21.06,86,5,30,NA,"Beta","api","alta","success"
41.32,28.11,92,0,100,7.39,"Beta","ui","baja","rolled_back"
10.96,25.88,77,2,40.3,9.76,"Gamma","test","media","failed"
47.62,5.62,89,3,69.1,3.83,"Alpha","api","alta","rolled_back"
73.32,26.55,84,3,57.1,11.28,"Beta","test","alta","success"
41.21,20.75,84,4,72.2,7.38,"Alpha","api","media","success"
34.43,11.44,80,2,56.7,9.02,"Gamma","api","alta","success"
99.07,22.69,87,2,NA,10.69,"Alpha","ui","media","success"
54.77,14.03,77,5,100,11.39,"Beta","db","media","success"
51.63,15.68,85,9,72.3,5.74,"Alpha","auth","media","rolled_back"
69.83,17.99,97,1,75.3,6.41,"Alpha","api","media","success"
42.07,21.73,89,1,70.4,3.23,"Gamma","db","baja","success"
298.97,5.47,82,3,79.1,5.58,"Gamma","db","baja","failed"
42.31,40.69,119,3,55.3,7.23,"Alpha","infra","alta","failed"
70.2,29.42,110,2,61.9,4.4,"Alpha","infra","media","rolled_back"
62.9,26.42,83,3,52,7.4,"Gamma","api","baja","success"
54.73,19.53,75,3,75.7,51.31,"Alpha","api","alta","failed"
NA,27.08,78,2,62.5,6.91,"Alpha","ui","crítica","success"
42.33,17.61,81,3,91.3,18.98,"Alpha","api","alta","success"
8.54,19.71,75,1,67.8,25.09,"Beta","auth","crítica","failed"
18.91,25.36,84,6,67.1,7.74,"Alpha","auth","media","success"
170.73,6.45,88,5,64,16.16,"Alpha","ui","crítica","success"
127.05,35.43,79,3,83.5,11.74,"Alpha","infra","media","success"
30.67,6.79,81,6,77.8,2.6,"Beta","ui","alta","failed"
5.7,3.67,89,0,70.4,7.79,"Beta","api","media","failed"
19.46,29.44,78,3,58.9,26.45,"Gamma","ui","crítica","rolled_back"
11.54,11.88,78,2,59.2,33,NA,"infra","media","rolled_back"
10.23,28.01,88,7,80.9,8.24,"Alpha","api","crítica","success"
64.4,9.01,75,3,82.8,0.95,"Delta","db","alta","success"
36.14,11.13,90,3,100,12.5,"Alpha","api","media","rolled_back"
90.64,10.07,87,2,68.1,26.03,"Beta","api","alta","failed"
13.1,19.7,83,3,53.8,15.33,"Beta","api","baja","success"
16.4,25.83,95,3,69.3,6.01,"Gamma","api","baja","failed"
51.91,128.23,92,4,62.2,1.78,"Gamma","db","alta","success"
74.41,24.02,90,0,53.4,8.43,"Alpha","api","media","success"
29.33,41.37,87,2,66,10.03,"Gamma","auth","crítica","success"
16.86,68.83,83,3,58.8,9.43,"Alpha","auth","media","success"
121.23,32.18,94,3,48.7,2.94,"Gamma","db","baja","success"
107.67,21.92,93,5,100,4.21,"Gamma","auth","media","success"
69.42,21.77,94,6,69.6,25.73,"Beta","infra","media","failed"
58.57,14.09,85,4,64.5,13.69,"Alpha","auth","baja","success"
14.35,44.56,86,3,71.9,3.15,"Delta","api","media","success"
8,35.65,83,1,75.9,5.04,"Alpha","auth","media","rolled_back"
146.48,5.03,82,4,78.6,5.93,"Alpha","api","crítica","failed"
40.83,9.6,88,6,72.1,1.39,"Alpha","infra","alta","success"
18.59,15.09,92,2,87.6,25,"Gamma","ui","alta","success"
96.26,5.34,81,4,66.7,12.47,"Beta","auth","media","success"
21.53,12.24,95,5,80.8,25.01,"Alpha","api","alta","failed"
24,29.82,110,2,57,11.82,"Delta","auth","crítica","failed"
45.18,15,95,3,53.6,2.84,"Beta","infra","baja","rolled_back"
12.46,42.32,77,5,72.6,12.31,"Gamma","db","alta","success"
23.3,18.39,88,2,91.7,2.34,"Beta","db","baja","success"
15.76,35.38,91,3,81.3,1.79,"Alpha","api","baja","success"
75.36,4.89,80,1,90.5,27.35,"Beta","infra","media","success"
41.73,17.19,71,1,48.6,1.25,"Gamma","auth","alta","success"
27.06,20.09,89,0,59.4,2.72,"Beta","ui","media","success"
83.52,22.89,83,3,95.3,5.73,"Gamma","test","crítica","success"
32.08,15.84,90,3,76.8,6.38,"Delta","db","media","rolled_back"
28.49,23.54,98,3,76.5,6.99,"Beta","infra","media","success"
36.39,10.64,87,1,69.7,5.49,"Gamma","api","media","rolled_back"
21.08,30.04,82,4,70.3,1.8,"Alpha","api","alta","rolled_back"
34.47,12.24,95,3,70.1,22.73,"Beta","api",NA,"success"
63.55,48.9,83,1,79.6,7.37,"Delta","auth","crítica","success"
NA,17.5,94,4,69.1,15.98,"Alpha","api","media","success"
103.34,14.7,80,4,76.5,28.17,"Alpha","db","media","success"
21.86,17.91,89,4,71.9,10.9,"Alpha","api","alta","success"
26.68,19.7,79,2,100,12.05,"Beta","infra","media","success"
84.4,7.24,71,3,46.4,6.94,"Gamma","auth","media","failed"
14.23,23.13,95,2,97.1,11.77,"Gamma","db","media","rolled_back"
12.35,75.38,82,3,89.7,19.97,"Beta","infra","media","success"
51.99,11.94,97,5,82.6,29.87,"Beta","api","media","success"
24.87,26.56,74,NA,58.9,19.71,"Gamma","db","media","rolled_back"
16.69,24.29,99,3,80,3.9,"Gamma","auth","media","success"
17.3,6.76,84,5,88.9,6.92,"Delta","ui","alta","success"
57.68,12.44,75,4,NA,8.91,"Beta","api","baja","success"
20.44,NA,83,2,63.2,4.73,"Gamma","infra","alta","rolled_back"
32.16,20.91,99,2,45.8,11.25,"Beta","api","alta","success"
19.11,30.63,74,5,90.4,5.61,"Beta","test","media","rolled_back"
44.89,22.05,71,0,66.8,5.71,"Gamma","db","media","failed"
20.78,19.14,93,4,50.7,3.14,"Delta","ui","media","failed"
45.37,26.74,62,6,71.8,7.01,"Beta","infra","alta","success"
22.56,17.77,94,2,NA,5.45,"Alpha","api","media","success"
121.49,11.75,79,5,85.2,6.37,"Gamma","auth","baja","failed"
43.88,5.65,80,3,71.1,11.01,"Beta","ui","baja","success"
8.98,11.9,98,4,87.7,5.19,"Beta","test","media","success"
86.7,46.22,88,4,86.2,2.39,"Alpha","db","alta","success"
31.43,32.85,91,5,90.7,20.38,"Alpha","api","media","success"
NA,6.74,75,5,48,4.01,"Beta","api","baja","failed"
87.54,27.32,94,NA,60.9,9.95,"Beta","infra","media","success"
43.99,12.08,96,1,73,25.07,"Alpha","db","alta","success"
198.93,19.17,85,2,100,9.76,"Alpha","api","alta","success"
22.91,11.26,89,0,65.9,0.89,"Gamma","api","baja","success"
42.38,7.2,79,6,89.5,18,"Beta","test","alta","success"
46.18,23.48,89,4,83.8,14.86,"Alpha","test","baja","success"
57.65,12.75,95,2,78.7,5.32,"Alpha","api","alta","rolled_back"
59.26,23.52,73,2,85,2.57,"Delta","ui","baja","success"
48.62,18.21,90,2,57,3.87,"Alpha","auth","baja","success"
13.88,30.65,99,2,79.6,10.14,"Alpha","api","media","success"
24.79,7.02,79,6,38.8,14.75,"Beta","db","crítica","success"
34.8,62.63,NA,3,67.1,10.7,"Gamma","db","alta","success"
23.43,17.16,77,1,64.5,5.62,"Gamma","db","media","success"
41.49,6.55,88,3,31.1,1.01,"Beta","api","alta","success"
18.96,14.54,73,6,54.5,9.84,"Alpha","api","media","failed"
62.49,17.99,79,4,84.2,6.47,"Alpha","auth","media","failed"
38.29,18.32,99,3,67.3,5.06,"Gamma","test","media","rolled_back"
48.59,7.37,74,0,79.5,20.44,"Alpha","db","media","success"
28.36,14.21,80,4,95.8,5.42,"Alpha","auth","alta","rolled_back"
20.55,10.16,83,2,88.3,6.45,"Beta","auth","alta","failed"
92.01,7.81,89,3,77.5,25.97,"Beta","db","media","failed"
18.11,19.18,78,2,74.9,9.12,"Beta","auth","media","success"
18.91,12.49,92,2,87.2,12.12,"Alpha","test","alta","failed"
20.5,53.4,88,0,93.5,10.61,"Beta","infra",NA,"failed"
NA,7.33,84,2,76.5,2.83,"Gamma","infra","baja","success"
30.77,10.11,86,4,64.1,2.91,"Beta","api","alta","failed"
72.1,10.86,96,0,85.6,22.99,"Alpha","infra","baja","success"
16.13,10.88,86,4,69.8,14.2,"Beta","test","alta","success"
24.61,16.61,92,1,88.6,13.68,"Beta","api","media","rolled_back"
29.62,19.72,77,5,60.4,18.9,"Delta","ui","media","failed"
52.5,7.7,107,4,58.4,4.77,"Beta",NA,"alta","success"
26.78,15.53,81,4,50.7,5.99,"Gamma","ui","crítica","success"
53.92,16.78,90,2,73.8,14.41,"Alpha","auth","media","success"
35.84,16.04,91,2,71.9,2.53,"Gamma","test","crítica","success"
37.57,8.92,92,3,50.5,17.78,"Beta","auth","alta","failed"
146.18,25.78,77,2,91.3,7.25,"Delta","auth","baja","failed"
20.61,10.44,99,3,53.9,2.96,"Alpha","infra","baja","success"
65.54,29.24,93,2,59.3,16.2,"Beta","infra","media","rolled_back"
71.39,5.15,78,2,58.9,6.3,"Beta","auth","alta","success"
106.4,7.09,94,3,82.7,4.96,"Alpha","test","alta","rolled_back"
41.55,18,79,2,100,8.64,"Gamma","test","baja","success"
NA,23.66,84,1,79.2,9.22,"Gamma","infra","alta","rolled_back"
36.87,21.86,92,0,71.2,15.81,"Gamma","api","media","success"
54.63,24.82,82,1,85.4,6.19,"Delta","ui","media","failed"
50.77,20.35,86,0,59.5,10.31,"Gamma","auth","media","failed"
27.19,9.6,104,2,93,NA,"Beta","db","media","success"
61.57,14.6,76,3,84.2,4.03,"Beta","db","media","success"
50.19,47.67,87,4,86.6,5.19,NA,"ui","baja","success"
54.06,5.89,102,1,86.4,44.85,"Delta","ui","media","success"
237.56,13.09,84,2,90.5,4.15,"Gamma","auth","baja","success"
40.2,9.48,78,2,53.9,28.15,"Alpha","ui",NA,"success"
23.11,25.41,91,4,78.7,6.71,"Alpha","ui","alta","rolled_back"
44.5,19.75,70,2,71.3,1.52,"Alpha","infra","baja","success"
27.5,18.57,94,4,68.1,7.01,"Beta","api","alta","rolled_back"
19.31,28.13,84,NA,72.1,3.7,"Beta","auth","alta","success"
25.44,16.39,86,3,78.9,5.54,"Beta","ui","alta","success"
35.77,10.78,79,3,73.5,2.52,"Alpha","test","baja","success"
65.42,11.25,84,4,72.1,3.36,"Gamma","db","alta","success"
42.52,13.54,72,4,60.2,16.05,"Gamma","api","baja","success"
18.6,12.04,75,3,72.5,4.85,"Alpha","auth","media","failed"
29.7,28.52,81,2,68.6,3.5,"Gamma","api","baja","success"
11.35,35.91,83,2,88,12.35,"Alpha","auth","alta","failed"
28.74,17.31,92,5,76.8,8.86,"Gamma","auth","crítica","success"
13.22,14.26,71,2,100,10.53,"Alpha","api","baja","failed"
12.52,39.46,85,1,87.8,3.85,"Alpha","api","media","failed"
64.94,28.38,67,6,66.4,4.89,"Gamma","auth","crítica","success"
29.23,7.71,94,3,77.2,11.58,"Gamma","infra","baja","failed"
33.19,93.67,90,2,90.6,7.68,"Beta","auth","crítica","success"
47.38,13.9,85,5,89.9,12.32,"Beta","ui","media","success"
24.06,20.42,85,3,49.6,5.61,"Gamma","auth","media","failed"
28.57,67.14,84,6,80.1,5.81,"Alpha","db","media","failed"
22.18,11.68,85,1,85.5,NA,"Alpha","db","alta","failed"
25.86,34.31,94,3,71.2,2.76,"Beta","infra","crítica","success"
15.88,22.03,103,5,94.6,11.94,"Delta","auth","media","success"
57.5,30.37,75,2,90.5,5.34,"Alpha","infra","alta","success"
51.08,15.4,82,3,94.8,6.16,"Alpha","api","alta","success"
19.11,28.08,81,4,56.3,5.47,"Delta","ui","baja","failed"
115.25,NA,92,1,83.9,9.36,"Alpha","api","alta","failed"
27.8,11.74,74,3,70.1,6.78,"Alpha","auth","media","success"
NA,14.08,85,5,85.8,NA,"Gamma","test","alta","success"
11.59,14.95,84,2,51.9,4.48,"Alpha","auth","baja","rolled_back"
33.92,34.24,83,3,73.1,2.38,"Gamma","db","baja","success"
17.5,15.34,79,4,97.8,4.3,"Beta","db","baja","success"
42.35,23.02,98,2,79.5,5.06,"Gamma","api","alta","success"
37.97,10.57,90,2,100,18.26,"Gamma","infra","media","rolled_back"
60.45,15.22,83,4,63.7,6.65,"Delta","db","baja","success"
20.66,33.46,104,2,78,6.17,"Gamma","ui","baja","success"
10.34,NA,81,5,40.9,18.4,"Alpha","test","baja","failed"
43.51,7.38,93,6,62.6,8.44,"Delta","test","media","success"
45.1,25.05,74,3,52.9,5.85,"Beta","infra","alta","success"
81.35,5.48,84,2,94.5,17.87,"Gamma","auth","alta","success"
29.54,10.76,84,2,62.4,5.82,"Delta","infra","baja","success"
46.98,19.01,106,4,65.6,10.7,"Delta","ui","alta","success"
45.7,8.31,100,2,87,3.12,"Beta",NA,"media","success"
23.73,4.34,107,1,72,1.86,"Gamma","auth","baja","success"
11.14,9.04,83,4,57.8,4.84,"Alpha","api","alta","success"
20.44,10.7,86,3,76.9,12.36,"Gamma","api","baja","success"
36.74,22.49,84,3,87,14.14,"Delta","test","media","failed"
36.41,15.79,83,4,62.7,9.69,"Alpha","ui","media","success"
12.67,16.97,78,2,NA,NA,"Gamma","auth","crítica","success"
31.03,6.36,83,4,38.6,10.88,"Alpha","infra","alta","success"
15.14,23.25,88,5,92.8,1.5,NA,"auth","media","rolled_back"
55.78,35.67,77,3,83,1.54,"Gamma","infra","alta","success"
34.97,11.35,107,1,76,6.78,"Beta","auth","baja","success"
23.34,13.83,84,5,NA,36.11,"Alpha","api","alta","success"
50.82,29.14,85,5,79.2,4.35,"Gamma","auth","baja","success"
18.02,15.59,85,4,72.9,6.37,"Gamma","db","media","failed"
74.91,16.31,79,3,97.6,4.85,"Alpha","api","baja","success"
19.32,49.78,91,2,66.2,12.78,"Alpha","ui","baja","success"
9.35,10.42,90,4,55.9,5.1,"Beta","auth","alta","success"
17.42,44.24,89,4,72.2,4.38,"Gamma","api","media","success"
25.8,13.22,90,8,70,4.63,"Delta","infra","baja","failed"
29.27,36.91,83,2,94.7,2.83,"Beta","api","media","success"
18.92,18.6,92,3,64.5,16.98,"Alpha","ui","alta","failed"
25.15,26.6,80,6,83.8,1.41,"Alpha","api","crítica","success"
40.11,17.6,86,2,42,14.21,"Delta","db","alta","failed"
39.67,9.4,96,4,90,5.11,"Alpha","infra","alta","success"
35.78,20.75,98,3,80.6,1.7,"Gamma","ui","crítica","success"
17.45,9.94,82,4,76,9.15,"Alpha","api","alta","success"
38.44,9.53,75,2,46.2,6.51,"Delta","infra","media","success"
88.44,9.98,85,3,100,11.03,"Beta","db","alta","success"
18.8,17.93,91,6,100,11.64,"Gamma","auth","alta","success"
126.93,3.83,85,3,95.1,8.07,"Alpha","test","media","success"
60.7,24.81,97,4,69.3,23.17,"Beta","api","media","failed"
13.67,8.1,82,0,68.6,9.22,"Alpha","auth","media","success"
16.95,15.87,100,5,56.6,4.27,"Delta","infra","alta","success"
26.78,65.53,95,1,84.1,12.69,"Delta","ui","media","success"
33.06,12.42,94,1,94.1,17.28,"Gamma","ui","media","success"
17.48,15.18,74,4,70.9,8.67,"Alpha","Auth","baja","success"
21.02,9.23,82,3,100,8.49,"Delta","test","alta","success"
43.1,24.23,81,4,50.9,10.35,"Alpha","test","media","success"
40.23,24.21,73,6,99.2,16.51,"Alpha","db","alta","rolled_back"
19.52,26.9,79,5,91.2,14.77,"Delta","api","baja","rolled_back"
23.78,13.5,93,2,43.6,2.17,"Gamma","api","alta","success"
17.47,11.5,75,4,41.8,6.23,"Beta","db","crítica","success"
5.35,17.47,75,0,52.4,5.61,"Beta","db","crítica","success"
21.86,9.96,87,1,100,5.58,"Alpha","db","alta","success"
21.17,10.62,89,2,56,7.89,"Gamma","auth","crítica","success"
30.75,5.16,107,0,86.7,8.89,"Gama","auth","alta","success"
16.67,5.67,88,4,62.2,6.43,"Beta","auth","alta","failed"
46.22,10.35,89,1,57.2,7.54,"Gamma","db","media","success"
12.32,11.39,87,2,48.9,7.36,"Beta","test","alta","failed"
103.72,8.18,73,3,60.8,6.1,"Delta","ui","media","success"
15.04,9.32,88,5,81.1,8.09,"Beta","ui","media","success"
45.01,19.2,78,3,57.7,16.02,"Beta","api","baja","success"
125.27,17.13,77,5,63.8,9.07,"Delta","api","alta","success"
20.28,64.18,78,3,78.5,3.48,"Beta","auth","alta","failed"
25.53,20.4,90,0,77.3,1.35,"Gamma","ui","media","success"
20.59,15.65,83,7,59.7,4,"Beta","api","baja","failed"
35.55,19.32,81,3,75.4,46.81,"Delta","db","crítica","success"
48.78,10.27,86,4,67.1,45.55,"Beta","auth","media","failed"
11.41,27.11,80,1,77.8,1.83,"Beta","ui","alta","success"
16.2,9.48,84,5,74.6,12.52,"Beta","auth","crítica","rolled_back"
12.51,3.56,84,4,66,23.01,"Alpha","api","alta","failed"
44.85,12.66,108,1,59.9,4.63,"Delta","auth","baja","success"
42.9,31.11,88,0,65.4,21.17,"Delta","test","media","failed"
20.15,7.76,75,1,54.8,16.98,"Gamma","db","media","success"
16.23,24,91,1,89.4,11,"Alpha","infra","media","success"
10.5,8.87,82,4,65.8,7.74,"Delta","ui","baja","success"
53.4,33.82,82,2,42.1,6.57,"Delta","auth","media","success"
19.56,25.95,94,2,62.3,74.67,"Beta","test","alta","success"
54.67,13.46,88,0,64.6,16.44,"Beta","api","media","rolled_back"
133.82,63.73,86,4,88.7,5.97,"Delta","api","baja","success"
84.97,42.42,85,2,76.3,2.68,"Alpha","api","baja","success"
18.56,19.94,80,2,68.2,19.77,"Beta","auth","media","failed"
73.47,15.3,79,1,38.1,3.64,"Gamma","auth","media","rolled_back"
20.71,6.29,90,2,91.2,5.32,"Alpha","api","alta","success"
40.52,22.19,76,1,85.2,12.83,"Delta","db","media","rolled_back"
37.14,30.2,86,5,63.8,6.07,"Gamma","api","baja","success"
48.45,15.11,82,3,49.5,6.37,"Alpha","api","alta","success"
33.32,24.98,76,1,81.4,3.14,"Gamma","auth","media","success"
40.61,30.92,99,3,93.3,10.91,"Beta","auth","baja","success"
51.55,25.01,86,2,62.9,9.41,"Beta","ui","media","success"
7.5,59.73,83,2,84.1,4.31,"Beta","ui","alta","success"
27.35,20.16,81,2,73.8,10.68,"Beta","test","baja","rolled_back"
43.18,8.71,76,3,91.4,4.83,"Beta",NA,"media","failed"
38.29,40.03,91,3,76.8,7.29,"Alpha","api","crítica","success"
36.27,12.04,75,3,64.2,9.82,"Alpha","auth","media","failed"
111.09,13.56,86,0,69.9,11.27,"Alpha","db","baja","success"
30.2,12.51,84,3,67,1.73,"Delta","infra","media","success"
35.27,13.78,84,NA,100,12.91,"Delta","test","media","success"
30.39,48.72,84,1,60.9,7.02,"Alpha","test","media","success"
171.33,12.89,86,2,85,0.8,"Alpha","db","media","success"
21.42,15.28,82,4,72.9,2.32,"Delta","test","media","success"
71.33,20.7,84,5,76.7,5.12,"Beta","test","media","success"
73.45,12.11,95,0,63.6,7.35,"Beta","infra","alta","success"
19.72,9.39,74,1,62.2,10.4,"Gamma","api","media","success"
78.76,10.23,87,3,84.8,3.45,"Delta","test","baja","success"
50.04,18.83,84,1,56.9,8.07,"Gamma","ui","media","rolled_back"
67.03,46.15,90,3,81,21.83,"Delta","test","baja","failed"
9.71,8.33,73,0,79.6,4.81,"Beta","test","alta","failed"
19.27,15.84,90,2,70.4,38.77,"Alpha","ui","media","success"
25.26,28.69,69,2,67.5,16.79,"Gamma","api","baja","failed"
37.78,7.36,74,0,55.2,3.14,"Alpha","auth","crítica","failed"
31.71,15.5,84,4,79.9,12.64,"Beta","db","alta","success"
29.85,17.92,96,5,63.7,21.52,"Alpha","api","crítica","rolled_back"
50.37,84.99,95,6,87,4.96,"Alpha","api","baja","success"
62.78,13.42,71,3,73.7,8.59,"Delta","db","media","success"
106.34,24.68,83,2,46.5,9.03,"Beta","api","media","rolled_back"
50.53,16.72,84,3,92.9,4.07,"Alpha","infra","media","success"
14.68,6.76,108,2,76.6,9.86,"Gamma","db","baja","success"
12.67,23.26,86,4,59.2,12.07,"Gamma"," UI","media",NA
84.25,47.89,77,4,64.8,17.84,"Beta","db","media","rolled_back"
25.14,34.15,87,3,54.1,26.04,"Gamma","ui","media","success"
42.42,NA,76,4,46,3.59,"Alpha","db","media","success"
43.82,21.21,86,3,71.4,3.3,"Gamma","infra","alta","rolled_back"
52.81,4.97,85,4,88.6,5.82,"Beta","infra","alta","rolled_back"
24.68,13.94,74,3,71.5,19.58,"Alpha","infra","alta","success"
NA,10.61,75,3,54.6,7.11,"Alpha","ui","media","rolled_back"
44.99,20.18,77,4,94,11.91,"Delta","api","alta","rolled_back"
19.13,15.61,84,5,82.5,5.62,"Delta","db","media","success"
28.25,9.82,89,4,94.1,2.4,"Delta","ui","baja","success"
22.03,24.96,71,3,76.8,28.26,"Beta","api","alta","failed"
15.35,14.59,92,3,52.8,23.84,"Alpha","db","media","failed"
37.1,16.69,92,0,73.2,3.05,"Beta","auth","media","failed"
45.4,10.61,81,3,65.4,14.64,"Alpha","infra","media","success"
35.47,14.69,79,3,90,3.81,"Alpha","api","alta","success"
41.84,15.36,91,3,92.7,12.9,"Alpha","ui","alta","success"
31.09,16.18,89,3,46.5,7.26,"Gamma","api","baja","success"
29.29,9.54,84,1,63.8,4.93,"Gamma","ui","media","success"
11.03,14.14,76,3,62.4,6.72,"Gamma","ui","baja","success"
77.33,4.49,92,5,67.4,12.17,"Alpha","infra","media","success"
91.89,13.41,93,4,80.2,3.72,"Beta","api","alta","success"
60.68,7.94,90,2,54.1,1.24,"Beta","auth","media","success"
50.04,13.56,76,3,87.1,3.88,"Gamma","api","baja","success"
35.09,5.24,73,3,54.1,4.24,"Beta","infra","media","success"
24.96,19.97,83,3,50.1,7.66,"Alpha","ui","alta","success"
37.93,32.22,82,2,88.6,20.32,"Alpha","ui","media","failed"
22.48,25.95,78,3,65.7,15.59,"Beta","infra","alta","failed"
54.19,15.19,89,4,73,10.24,"Gamma","ui","crítica","success"
43.74,14.2,96,1,73.2,20.66,"Beta","infra","media","rolled_back"
33.35,17.63,107,4,69.5,20.14,"Alpha","auth","media","failed"
27.69,15.5,81,2,63.3,18.24,"Alpha","ui","media","success"
40.91,13.59,NA,4,76.7,2.18,"Beta","auth","crítica","rolled_back"
54.95,13.3,93,11,74.2,5.83,"Gamma","ui","crítica","success"
89.18,11.29,109,5,45.4,2.99,"Beta","auth","media","success"
12.66,61.21,98,2,69.1,9.33,"Alpha","api","alta","failed"
21.77,47.43,75,2,67.7,13.38,"Alpha","infra","alta","success"
109.63,19.89,78,3,NA,8.49,"Alpha","ui","media","success"
29.53,20.22,84,6,81.7,7.42,"Alpha","api","media","failed"
101.82,11.21,94,2,41,5.56,"Alpha","auth","media","rolled_back"
18.93,6.64,NA,5,65.6,3.66,"Beta","ui","media","success"
75.66,28.08,81,1,72.1,NA,"Gamma","auth","media","success"
18.14,17.34,83,3,61.7,8.54,"Delta","api","media","success"
18.01,9.34,85,1,76.9,16.13,"Alpha","db","media","success"
40.73,37.32,71,5,100,0.65,"Alpha","ui","baja","success"
27.32,20.89,92,5,44.5,3.45,"Gamma","test","alta","success"
15.2,11.67,85,4,55.4,10.19,"Gamma","ui","alta","failed"
15.27,21.68,83,4,88.2,10.83,"Gamma","infra","media","rolled_back"
41.08,9.24,96,3,58.3,5.42,"Alpha","api ","media","success"
15.49,34.2,87,1,67,2.9,"Beta","api","crítica","rolled_back"
67.48,30.88,75,2,75.6,10.81,"Alpha","ui","media","failed"
81.92,32.95,87,2,69.9,12.57,"Beta","api","baja","rolled_back"
14.23,15.8,85,2,44.2,18.33,"Beta","infra","crítica","success"
9.73,17.18,74,3,73.1,10.4,"Gamma","infra","crítica","success"
7.12,13.2,94,1,60,2.83,"Delta","api","crítica","success"
57.17,13.96,80,1,58.7,18.81,"Gamma","auth","baja","success"
15.49,135.59,80,4,65.9,3.99,"Delta","db","baja","success"
67.44,8.36,87,5,41.9,1.9,"Gamma","auth","alta","failed"
28.58,32.69,69,3,74.6,2.26,"Alpha","auth","media","success"
12.97,3.52,72,1,56.1,8.63,"Gamma","api","crítica","rolled_back"
17.93,10.93,87,2,89.4,7.1,"Alpha","ui","baja","success"
34.23,18.77,80,5,64.4,13.87,"Gamma","api","media","success"
135.89,9.56,89,2,70.4,7.33,"Beta","ui","alta","failed"
42.99,27.28,85,3,85.4,3.96,"Delta","api","media","success"
10.77,16.83,68,4,83.1,3.71,"Alpha","db","crítica","rolled_back"
23.3,22.15,85,2,74.1,2.69,"Delta","db","alta","rolled_back"
14.34,20.22,80,4,55.2,18.06,"Delta","ui","alta","success"
15.65,24.79,85,1,83,20.07,"Beta","db","crítica","failed"
55.83,NA,74,1,65.5,28.65,"Delta","auth","media","success"
24.39,4.05,86,3,76.5,5.97,"Delta","infra","media","success"
70.4,16.22,87,4,74.7,4.44,"Beta","api","alta","failed"
39.25,6.89,72,1,87.2,12.46,"Beta","ui","baja","failed"
34.3,25.05,91,5,70.4,3.04,"Beta","infra","baja","success"
105.38,16.59,94,3,82.8,17.53,"Beta","auth","media","success"
22.81,23.01,65,1,86.3,5.53,"Beta","ui","alta","success"
41.67,62.64,93,3,70.8,2.24,"Gamma","api","crítica","success"
361.96,38.77,84,4,42.6,7.18,"Gamma","test","baja","rolled_back"
25.82,74.35,71,2,92.3,6.34,"Beta","db","crítica","success"
115.76,14.23,107,6,62,7.66,"Gamma","auth","media","success"
10.92,24.7,82,2,52.2,3.47,"Alpha",NA,"crítica","rolled_back"
40.15,17.8,87,5,57.7,2.51,"Delta","ui","baja","rolled_back"
22.58,20.77,97,7,82.2,29.13,"Beta","api","media","success"
11.41,8.94,87,1,75.7,18.54,"Beta","infra","media","success"
21.48,23.98,82,6,58.8,2.63,"Gamma","api","baja","success"
168.64,19.19,73,2,57.6,9.39,"Gamma","infra","alta","success"
28.95,10.46,88,5,60.1,20.38,"Gamma","api","media","success"
22.3,11.42,92,3,60.3,4.14,"Gamma","ui","baja","success"
69.24,13.16,98,5,72.2,4.21,"Delta","api","baja","success"
20.36,26.14,97,2,86.4,4.69,"Beta","auth","crítica","success"
39.07,20.74,83,1,83.7,6.27,"Alpha","ui","alta","failed"
40.29,31.7,74,5,68.3,6.9,"Beta","ui","alta","failed"
24.7,14.95,92,1,67,9.92,"Delta","infra","crítica","rolled_back"
25.45,14.22,104,2,84.6,4.38,NA,"api","alta","rolled_back"
106.24,4.48,80,1,74.1,20.2,"Alpha","test","alta","success"
29.6,16.15,81,6,90.6,25.66,"Alpha","auth","alta",NA
151.8,51.05,87,2,50.9,2.47,"Delta","infra","alta","success"
28.73,27.56,85,0,68.8,13,"Gamma","test","media","success"
27.84,15.1,78,4,85.7,7.54,"Alpha","ui","alta","success"
21.58,31.03,95,2,63.1,3,"Delta","db","crítica","failed"
4.39,20.22,71,4,80.7,3.23,"Alpha","infra","alta","success"
8.76,16.63,80,3,63.6,10.28,"Delta","db","crítica","success"
30.96,17.44,110,6,79.9,8.71,"Alpha","ui","media","failed"
19.74,8.69,91,1,73.9,23.48,"Delta","db","alta","success"
98.82,11.9,98,0,79.2,5.7,"Gamma","infra","media","rolled_back"
41.86,9.35,88,0,55.6,5.15,"Delta","infra","baja","success"
23.3,10.76,85,2,91.5,3.66,NA,"api","media","success"
68.31,NA,89,5,71.9,5.57,"Gamma","api","media","failed"
19.97,25.79,91,2,100,19.28,"Beta","api","baja","rolled_back"
37.27,38.64,88,4,61.6,4.73,"Gamma","infra","crítica","success"
51.91,29.23,83,3,69.3,6.96,"Alpha","Auth","media","failed"
34.1,15,95,2,90.6,7.27,"Delta","api","media","success"
28.18,11.45,88,2,74.6,12.16,"Gamma","infra","media","success"
27.4,25.49,84,4,79.7,7.82,"Delta","api","alta","success"
25.4,21.64,76,6,76,13.22,"Beta","ui","alta","success"
92.42,14.06,88,2,54.1,5.15,"Alpha","db","alta","rolled_back"
33.44,10.96,90,5,66.4,3.53,"Beta","api","crítica","success"
17.4,13.89,77,0,77.2,14.88,"Delta","test","baja","success"
22.84,13.08,86,3,62.1,8,"Gamma","auth","media","failed"
16.24,12.84,85,4,69.2,4.57,"Gamma","auth","media","failed"
44.92,27.28,87,5,80.2,3.65,"Beta","api","baja","success"
27,17.1,71,3,67.5,4.59,"Gamma","api","alta","success"
40.45,14.4,68,3,76,2.47,"Alpha","infra","baja","success"
41.08,14.77,77,2,60.1,13.58,"Beta","db","media","success"
3.92,13.45,93,2,37.9,1.52,"Delta","auth","media","success"
17.84,14.97,75,2,82.9,6.11,"Gamma","ui","alta","success"
149.62,50.42,84,4,65.5,7.75,"Beta","api","media","success"
38.07,33.64,86,5,63.6,7.74,"Gamma","api","alta","rolled_back"
29.99,5.58,103,6,68.8,17.53,"Gamma","ui","baja","rolled_back"
47.8,7.47,86,2,85.3,7.61,"Alpha","infra","baja","failed"
49.06,12.53,67,4,82.6,7.42,"Delta","api","media","success"
13.14,16.31,78,1,57.8,70.01,"Gamma","db","media","rolled_back"
33.29,12.62,83,1,84.6,6.59,"Alpha","api","baja","rolled_back"
55.15,48.35,81,NA,46.2,1.84,"Alpha","ui","media","success"
38.99,9.9,87,3,71.1,23.05,"Beta","api","baja","success"
27.86,6.74,80,3,53.9,2.26,"Gamma","api","crítica","success"
28.39,12.62,78,3,76,1.21,"Delta","ui","baja","success"
15.96,8.33,NA,2,82.5,35.63,"Delta","db","crítica","success"
26.38,43.08,88,0,69.5,7.68,"Beta","infra","media","failed"
43.84,24.58,85,4,74.1,6.6,"Delta","api","media","success"
20.7,22.42,93,4,68.3,7.7,"Alpha","ui","crítica","success"
33.79,30.24,86,3,76.9,5.29,"Beta","api","alta","success"
39.35,13.75,88,2,48.6,4.62,"Gamma","test","crítica","success"
64.43,5.1,88,NA,60.4,1.96,"Delta","api","media","failed"
10.76,10.62,105,2,29.2,11.48,"Alpha","infra","media","rolled_back"
36.25,4.41,65,5,72.7,2.23,"Delta","ui","media","rolled_back"
66.83,53.67,87,1,99.9,9.38,"Alpha","test","alta","success"
41.63,34.58,82,0,67.6,4.69,"Gamma","infra","alta","failed"
8.97,20.71,80,1,45.6,4.47,"Alpha","api","media","success"
30.99,47.82,102,5,80.2,NA,"Beta","api","media","success"
81.14,29.08,91,2,86.5,5.54,"Beta","db","baja","rolled_back"
16.51,72.16,77,2,58.6,4.86,"Alpha","api","alta","success"
36.82,7.73,87,3,28.2,3.88,"Gamma","infra","crítica","rolled_back"
19.96,6.36,76,8,50.5,3.41,"Gamma","auth","alta","success"
68.85,11.25,79,1,56.4,2.73,"Beta","infra","media","success"
74.66,10.54,89,5,88.5,5.1,"Alpha","infra","baja","success"
40.76,3.94,99,2,68.8,8.86,"Delta","db","media","success"
46.98,74.09,78,1,81.5,4.39,"Gamma","api","baja","failed"
30.52,11.96,70,2,59.7,40.72,"Alpha","api","baja","success"
152.25,7.89,72,1,61.8,13.53,"Gamma","api","media","failed"
67.76,10.24,81,3,68.2,5.49,"Gamma","test","media","success"
13.1,13.38,70,1,71.4,25.15,"Gamma","test","baja","rolled_back"
12.66,22.38,80,2,NA,15.94,"Beta","auth","alta","success"
32.83,6.47,84,2,46.6,5.66,"Delta","auth","baja","success"
26.17,5.3,99,3,55.6,3.66,"Gamma","test","media","failed"
39.23,48.69,81,2,86.1,3.58,"Delta","api","crítica","success"
24.67,53.5,87,3,66.2,4,"Gamma","infra","media","success"
22.44,18.46,83,4,68.4,9.69,"Alpha","db","alta","success"
65.22,30.05,80,3,67.9,3.63,"Beta","ui","crítica","success"
62.93,20.53,90,3,56.1,32.07,"Gamma","test","baja","success"
54.13,15.46,88,2,100,5.53,"Gamma","db","alta","success"
32.5,34.47,98,6,57.1,7.46,"Beta","db","baja","rolled_back"
59.51,25.33,73,1,57.8,5.76,"Gamma","db","alta","success"
11.11,42.63,83,3,87.5,2.43,"Alpha","api","baja","success"
12.76,21.68,74,7,60.7,2.75,"Gamma","db","baja","success"
75.39,10.97,83,1,64.8,6.1,"Beta","ui","baja","failed"
24.22,12.67,86,2,71.1,4.05,"Alpha","ui","baja","success"
40.49,31.53,76,4,68.4,2.4,"Beta","test","baja","success"
119.07,14.55,83,1,72.6,3.87,"Delta","auth","media","rolled_back"
24.83,11.56,98,4,67.1,35.12,"Alpha","api","alta","success"
15.95,24.52,73,3,47.7,2.12,"Alpha","test","media","success"
4.16,22.16,79,1,43.8,11.15,"Delta","infra","baja","failed"
29.07,21.63,99,1,98.7,12.44,"Beta","ui","media","success"
29.09,8.12,90,2,78,5.63,"Beta","infra","crítica","success"
64.67,13.69,62,5,65.4,44.34,"Alpha","ui","alta","success"
22.84,14.38,98,0,85.8,5.82,"Alpha","infra","media","success"
26.84,8.65,93,3,51.5,36.64,"Delta","auth","baja","rolled_back"
30.13,14.3,-10,0,87.8,38.07,"Alpha","ui","alta","success"
42.08,3.57,67,3,74.8,39.58,"Delta","ui","baja","success"
51.6,23.53,87,7,51.8,5.47,"Gamma","ui","crítica","rolled_back"
20.47,15.07,87,8,52.4,22.84,"Beta","test","alta","success"
40.4,8.43,80,3,76.1,12.79,"Gamma","ui","media","success"
42.37,33.23,101,3,68.8,3.03,"Gamma","db","alta","success"
34.83,14.4,92,4,94.5,19.31,"Alpha","ui","baja","success"
88.89,18.44,103,6,96.5,10.3,"Delta","db","baja","success"
9.54,35.93,64,5,57.2,15.74,"Beta","api","crítica","failed"
50.97,27.76,58,5,79.6,12.49,"Alpha","auth","baja","failed"
78.28,6.63,82,1,60.2,1.21,"Delta","auth","alta","rolled_back"
13.86,13.89,73,2,59.8,9.3,"Gamma","ui","baja","success"
36.66,25.71,74,2,63.9,3.32,"Delta","auth","alta","success"
16.75,14.47,87,4,86,18.96,"Beta","auth","alta","rolled_back"
25.78,56.48,94,2,80.2,21.39,"Alpha","api","media","success"
33.94,5.47,85,3,63.7,5.83,"Beta","infra","media","failed"
29.48,12.06,89,0,63.6,3.86,"Alpha","test","alta","failed"
130.46,4.26,79,4,100,37.84,"Gamma","db","baja","failed"
31.06,61.75,85,2,66.4,46.75,"Beta","auth","media","success"
12.84,6.42,94,2,57.6,3.79,"Gamma","db","crítica","success"
19.52,15.64,87,1,56.8,19.59,"Gamma","db","baja","success"
26.47,11.9,85,1,61.4,3.78,"Delta","auth","media","success"
24.18,18.95,86,1,64.6,33.19,"Alpha","infra","alta","success"
51.23,9.85,76,2,61.7,50.4,"Beta","db","alta","success"
20.49,NA,91,2,80.3,4.35,"Alpha","auth","alta","success"
48.6,4.4,97,1,62.3,6.15,"Gamma",NA,"media","success"
26.36,15.29,89,2,64,8.25,"Alpha",NA,"alta","success"
14.83,25.13,93,4,63.4,8.15,"Beta","ui","alta",NA
31.59,33.73,80,2,57.5,3.83,"Beta","api","media","success"
21.3,16.59,74,1,61.6,4.54,"Gamma","test","media","rolled_back"
33.43,33.61,84,2,39.6,41.01,"Beta","api","media","success"
103.54,19.03,92,4,85.2,5.57,"Delta","db","crítica","success"
31.01,44.22,81,2,82.6,4.19,"Gamma","db","crítica","success"
29.67,21.14,81,2,65.9,3.05,"Alpha","api","baja","success"
11.85,28.87,83,4,57.3,5.62,"Gamma","db","baja","success"
38.68,27.72,96,4,67.9,9.86,"Beta",NA,"alta","success"
29.21,6.68,85,2,66.3,5.67,"Alpha","api","media","success"
93.11,11.46,91,3,83,8.83,"Delta","ui","baja","success"
8.47,27.28,68,4,44.3,5.38,"Delta","infra","crítica","rolled_back"
18.44,24.88,85,5,78.8,14.78,"Alpha","auth","baja","success"
22.84,28.51,90,4,68.5,1.82,"Alpha","auth","baja","failed"
34.74,21.81,97,NA,100,7.11,"Gamma","test","baja","success"
21.48,12.74,80,3,62.8,2.05,"Delta","api","baja","rolled_back"
38,43.63,92,4,65.1,15.95,"Alpha","api","alta","rolled_back"
187.09,90.47,96,4,83.7,7.26,"Beta","infra","baja","success"
25.26,26.74,93,3,82.2,12.64,"Gamma","api","baja","failed"
35.5,7.72,87,4,71.2,10.45,"Beta","api","baja","success"
19.71,37.6,71,0,51.5,3.4,"Gamma","api","alta","success"
70.69,50.96,95,2,73.4,4,"Beta","auth","crítica","success"
13.98,25.71,85,4,75,18.86,"Beta","infra","baja","success"
24.57,47.45,97,5,81.1,4.15,"Alpha","test","baja","success"
39.88,34.01,89,2,99.1,2.3,"Beta","db","alta","success"
60.46,NA,85,5,48.8,3.2,"Alpha","auth","baja","success"
39.54,19.37,74,2,43.5,10.13,"Alpha","ui","baja","success"
52,26.23,84,4,66.4,5.87,"Gamma","db","crítica","success"
12.44,8.48,70,4,NA,14.97,"Beta","api","baja","failed"
22.12,5.55,75,5,87.6,7.31,"Gamma","auth","alta","failed"
31.07,13.49,82,3,42.1,8.37,"Gamma","ui","media","success"
69.15,12.97,76,2,54.9,10.27,"Beta","ui","baja","success"
32.77,12.95,75,4,56.2,30.91,"Alpha","test","crítica","success"
27.85,20.23,75,2,56.6,15.8,"Alpha","api","alta","success"
34.99,21.08,83,2,79.7,4.46,"Gamma","auth","alta","failed"
15.47,13.14,81,2,47.5,9.41,"Alpha","test","alta","failed"
12.25,23.19,80,4,78.4,22.43,"Beta","auth","media","success"
44.72,19.2,79,5,NA,4.22,"Beta","auth","media","success"
17.54,15.67,100,2,61.1,23.18,"Gamma","auth","baja","rolled_back"
40.55,30.86,90,3,67.8,8.45,"Alpha","db","media","failed"
13.57,48.6,76,5,NA,23.23,"Delta","test","crítica","success"
19.82,9.85,100,5,82.9,11.36,"Beta","test","media","success"
34.54,7.88,82,2,76.9,2.75,"Gamma","infra","alta","success"
14.93,29.36,85,5,100,17.67,"Delta","infra","baja","failed"
29.55,12.36,86,4,63.8,16.88,"Alpha","infra","alta","success"
38.91,17.55,92,6,83.8,4.38,"Beta","db","media","failed"
101.87,15.39,77,3,65.2,5.14,"Alpha","api","media","failed"
20.84,38.38,73,2,80,7.65,"Gamma","api","media","failed"
45.34,8.71,67,2,53.1,24.74,"Alpha","auth","media","success"
54.22,41.04,88,4,69.1,8.37,"Alpha","test","media","success"
169.47,49.75,61,1,84,2.63,"Alpha","api","crítica","failed"
114.37,17.55,95,4,100,4.1,"Delta","auth","media","rolled_back"
62.19,11.88,86,1,65.4,22.14,"Delta","auth","media","success"
84.04,43.16,91,2,99.8,2.4,"Alpha","db","alta","rolled_back"
25.93,38.03,78,5,81.6,11.02,"Alpha","infra","media","failed"
69.65,14.16,82,2,97.3,8.84,"Beta","db","baja","success"
21.46,18.23,81,3,48.2,11.33,"Delta","db","media","failed"
52.4,22.55,90,3,63.9,23.71,"Alpha","db","baja","success"
35.94,10.84,88,2,48.9,7.01,"Beta","auth","alta","rolled_back"
23.2,9.44,87,6,52.4,8.97,"Delta","infra","media","success"
44.06,19.61,85,3,70.6,22.31,"Beta","db","alta","success"
60.29,20.01,98,4,88.7,10.64,"Alpha","infra","crítica","success"
51.55,2.53,86,6,56.9,4.98,"Gamma","api","media","success"
15.24,12.94,89,1,55.8,16.51,"Gamma","db","alta","failed"
10.84,11.53,73,4,92.1,26.68,"Alpha","test","alta","success"
28.52,17.5,91,7,87.8,10.01,"Beta","infra","baja","success"
14.1,9.71,91,4,66.1,8.87,"Gamma","ui","alta","success"
33.35,9.11,81,4,66.5,9.63,"Gamma","api","baja","success"
32.69,14.28,87,2,83.7,2.79,"Gamma","auth","baja","success"
23.32,10.82,105,3,85.7,6.44,"Alpha","ui","crítica","rolled_back"
10.21,18.61,81,0,83.8,5.07,"Gamma","ui","media","success"
24.11,12.01,82,1,48,NA,"Beta","api","media","success"
24.49,8.63,83,2,70.8,3.99,"Gamma","infra","baja","success"
10.35,6.93,85,3,85.2,5.8,"Beta","infra","alta","rolled_back"
50.28,15.81,99,3,81.7,15.75,"Alpha","ui","baja","rolled_back"
29.47,14.88,78,1,87.8,6.73,"Delta","api","crítica","success"
34.43,16.61,104,5,72,5.71,"Alpha","auth","media","failed"
50.32,30.48,76,5,99.3,21.87,"Delta","ui","media","success"
NA,7.96,82,1,62.3,2.79,"Beta","infra","media","rolled_back"
13.25,24.97,91,3,84.9,13.5,"Gamma","ui","media","success"
168.93,16.71,89,3,69.3,3.79,"Alpha","auth","media","success"
20.66,28.61,86,0,NA,4.43,"Alpha","test","alta","success"
35.26,11.06,82,2,69,23.58,"Gamma","infra","baja","success"
48.54,23.39,87,7,79.3,17.94,"Alpha","api",NA,"success"
23.74,18.66,NA,2,87,2.97,"Alpha","infra","media","success"
72.73,43.31,73,10,93.2,4.57,"Gamma","auth","media","success"
26.43,23.98,85,2,85.6,3.73,"Beta","infra","media","success"
28.62,15.4,68,3,75.2,3.36,"Beta","api","baja","failed"
179.34,32.34,99,3,46.8,4.19,"Gamma","db","alta","failed"
34.17,41.49,89,2,87.9,10.2,"Alpha","infra","alta","success"
45.09,31.24,115,3,93.3,3.38,"Alpha","auth","media","rolled_back"
7.43,26.04,74,2,64,14.54,"Gamma","ui","crítica","failed"
36.68,12.34,100,3,91.5,11.72,"Alpha","api","media","rolled_back"
NA,15.98,84,1,99,4.7,"Alpha","test","media","rolled_back"
11.49,8.32,80,0,88.6,3.58,"Alpha","api","alta","success"
27.92,16.49,73,1,65.1,35.48,"Gamma","api","alta","success"
17.54,31.41,94,4,66.6,8.05,"Alpha","api","media","rolled_back"
17.49,15.45,72,2,60.7,3.48,"Delta","auth","alta","success"
31.42,11.17,87,4,44.3,5.85,"Beta","db","media","success"
35.28,32.17,95,3,51.6,2.85,"Beta","api","alta","success"
39.11,23.11,93,2,74.8,19.02,"Beta","api","alta","failed"
84.85,24.8,79,1,48.2,5.37,"Delta","db","baja","success"
22.92,16.41,84,3,67.4,14.37,"Beta","api","baja","rolled_back"
33.19,46.96,100,4,75.2,7.93,"Beta","api","baja","success"
38.76,13.13,102,4,52.7,5.73,"Gamma","api","baja","rolled_back"
57.73,36.11,100,2,92.6,3.73,"Delta","test","baja","success"
14.92,11.41,87,3,NA,7.15,"Gamma","ui","alta","success"
34.2,20.74,81,2,67.6,9.52,"Beta","test","crítica","failed"
36.87,31.17,81,4,92.4,12.76,"Alpha","api","baja","success"
13.37,17.29,96,3,55.3,12.74,"Gamma","api","media","success"
13.03,45.8,86,4,80.5,4.01,"Alpha","ui","media","success"
79.89,5.5,70,3,52.6,14.85,"Delta","auth","alta","failed"
56.49,7.92,86,5,55.7,5.32,"Alpha","db","alta","success"
21.39,20.45,85,3,71.5,NA,"Delta","db","alta","failed"
39.49,12.62,88,3,73.2,3.39,"Alpha","db","alta","rolled_back"
29.9,5.52,94,NA,77.9,25.39,"Gamma","db","media","failed"
19.29,18.14,68,0,55.6,5.69,"Alpha","ui","baja","success"
59.25,22.87,98,2,44,23.55,"Alpha","test","baja","success"
20.72,9.81,81,3,64.1,11.26,"Beta","api","media","rolled_back"
36.56,30.36,83,NA,76.2,1.14,"Gamma","test","media","success"
49.88,25.55,79,1,55.2,7.76,"Delta","ui","baja","success"
74.57,71.88,76,2,68,7.76,"Alpha","ui","alta","success"
20.79,17.55,71,4,67.9,20.82,"Alpha","ui","media","success"
84.46,15.64,75,6,84.8,6.12,"Beta","api","media","success"
143.66,12.62,80,2,68.8,7.7,"Alpha","test","baja","failed"
36.09,15.95,89,3,69.3,6.04,"Alpha","auth","baja","success"
18.27,32.94,85,3,62.9,11.73,"Beta","api","baja","success"
19.25,15.14,100,3,48.6,3.96,"Delta","auth","media","failed"
22.49,11.79,74,1,85.4,19.84,"Beta","infra","alta","success"
47.59,19.87,95,3,89,6.16,"Gamma","auth","alta","failed"
86.83,19.52,84,1,86.1,123.88,"Gamma","test","alta","success"
NA,15.69,61,1,62.8,5.63,"Beta","infra","media","success"
18.2,9.6,93,4,62.5,8.78,"Beta","auth","alta","success"
23.12,14.97,63,4,82.7,8.79,"Alpha","api","media","success"
74.07,12.13,100,2,-5.2,3.19,"Alpha","test","baja","success"
11.98,8.54,90,4,87.7,2.31,"Gamma","db","alta","success"
32.38,18.67,86,3,85.9,17.46,"Beta","auth","alta","success"
21.68,45.62,81,2,94.3,21.99,"Gamma","auth","baja","success"
60.69,22.02,78,4,69,4.61,"Gamma","auth","media","failed"
41.96,36.09,102,3,58.6,1.92,"Delta","auth","baja","failed"
27.05,8.06,89,1,79.6,5.53,"Delta","ui","alta","rolled_back"
9.39,16.97,105,4,41,2.53,"Alpha","auth","alta","success"
39.22,29.07,90,NA,73.4,13.53,"Alpha","auth","alta","rolled_back"
14.6,12.43,98,4,92,8.75,"Beta","api","baja","failed"
22.94,15.27,80,3,74.7,12.29,"Beta","api","alta","rolled_back"
96.87,21.3,99,1,99,8.65,"Beta","auth","media","success"
113.26,6.34,93,3,NA,19.34,"Beta","ui","alta","success"
70.41,4.51,79,2,59.3,2.48,"Beta","test","media","failed"
37.37,15.28,105,2,84.7,15.51,"Beta","infra","baja","success"
21.79,6.84,80,2,64.2,6.63,"Gamma","ui","alta","success"
46.47,16.41,118,2,77.8,5.62,"Delta","ui","media","rolled_back"
NA,41.6,75,5,74.8,7.04,"Alpha","ui","media","rolled_back"
61.11,28.88,82,3,81,6.45,"Delta","api","alta","success"
13.73,24.7,89,0,53.4,19.88,"Beta","auth","baja","success"
14.87,39.49,86,2,80.4,17.78,"Gamma","auth","media","success"
17.91,13.09,82,4,61.9,3.42,"Gamma","ui","baja","rolled_back"
43.8,13.41,71,2,69.9,NA,"Alpha","db","media","success"
12.52,15.99,63,2,54,9.81,"Delta","ui","alta","success"
58.44,25.97,112,1,74.3,8.79,"Delta","test","media","rolled_back"
11.63,41.61,97,5,71.6,5.55,"Delta","infra","alta",NA
44.28,14.25,79,6,74,32.57,"Alpha","api","baja","failed"
30.86,147.95,76,6,62.6,3.36,"Beta","api","media","success"
35.24,67.52,89,6,79.5,2.75,"Alpha","ui","media","rolled_back"
126.46,12.34,87,2,68.3,4.51,"Beta","api","media","success"
30.99,13.15,83,7,64.2,2.96,"Gamma","ui","baja","failed"
33.06,16.99,80,0,65.6,2.39,"Delta","api","baja","success"
26.09,13.1,96,2,50.2,11.76,"Alpha","api","alta","rolled_back"
56.46,9.55,90,4,76.3,27.48,"Beta","auth","alta","success"
88.32,43.1,86,1,79.3,NA,"Beta","api","crítica","success"
16.31,20.54,80,7,64.7,8.75,"Gamma","db","alta","success"
39.89,22.44,85,2,75.1,5.95,"Alpha","test","alta","success"
10.54,7.44,95,0,100,5.57,"Beta","api","baja","success"
99.46,7.24,98,7,48.4,3.85,"Gamma","infra","media","success"
46.07,20.11,NA,5,58.7,3.61,"Beta","test","baja","failed"
96.03,27.78,101,0,100,25.46,"Alpha","auth","alta","failed"
23.73,33.01,82,4,82.9,2.1,"Gamma","ui","media","success"
40.56,14.08,71,3,58.4,2.94,"Gamma","infra","baja","failed"
77.55,16.11,95,6,23.7,67.21,"Delta ","api","crítica","success"
49.02,7.66,95,2,64,33.55,"Alpha","db",NA,"success"
61.67,7.73,77,1,82.9,12.99,"Gamma","api","alta","success"
80.94,8.22,88,3,86.3,2.08,"Gamma","auth","alta","success"
26.81,15.68,88,2,77.6,8.52,"Delta","api","baja","rolled_back"
36.36,32.6,79,1,72.9,4.49,"Alpha","api","baja","rolled_back"
35.08,39.61,90,2,79.9,7.57,"Gamma","test","crítica","rolled_back"
24.38,21.16,79,2,99.1,8.18,"Alpha","api","baja","success"
7.91,39.06,84,0,60.1,29.2,"Alpha","db","alta","success"
22.36,17.98,84,4,66.2,2.66,"Delta","auth",NA,"success"
94.87,4.34,80,9,86,61.92,"Beta","db","baja","success"
166.08,39.21,77,1,66.2,5.58,"Gamma","infra","media","success"
16.43,13.99,77,3,NA,3.91,"Gamma","ui","media","success"
21.21,12.27,74,2,67,4.65,"Alpha","api","alta","failed"
7.71,6.54,106,0,100,30.24,"Gamma","auth","alta","failed"
40.03,26.4,92,5,72.3,13.42,"Gamma","ui","baja","rolled_back"
23.13,32.55,80,3,100,94.4,"Alpha","ui","media","failed"
14.08,17.32,73,4,76.1,8.76,"Alpha","db","baja","success"
26.88,17.47,98,2,72.3,7.07,"Gamma","api","media","rolled_back"
16.75,72.82,105,2,98.4,8.8,"Delta","api","alta","failed"
64.62,4.1,88,2,73.9,9.17,"Gamma","db","alta","rolled_back"
44.53,3.46,86,3,89.5,1.87,"Beta","test","media","failed"
35.67,17.01,90,5,NA,19.1,"Alpha","auth","alta","success"
62.9,14,91,3,55.8,16.1,"Delta","api","baja","rolled_back"
47.3,14.16,93,1,59.3,3.33,"Alpha","test","alta","failed"
6.37,17.08,63,3,NA,4.22,"Gamma","infra","media","success"
40.34,23.82,91,2,62.7,20.66,"Beta","api","alta","success"
47.12,7.47,60,4,91.7,1.83,"Gamma",NA,"baja","failed"
41.57,41.53,76,2,64.8,22.84,"Gamma",NA,"crítica","rolled_back"
21.73,26.96,77,0,73.3,2.61,"Beta","db","alta","success"
36.28,8.16,81,5,67.6,13.07,"Alpha","api","media","success"
29.64,6.56,73,6,38.9,2.65,"Delta","db","baja","failed"
14.62,15.88,99,1,90.9,4.08,"Gamma","db","media","rolled_back"
131.23,10.41,71,8,80.5,15.4,"Gamma","api","media","success"
11.07,10.25,89,3,53.9,5.89,"Alpha","api","alta","success"
20.64,7.08,83,1,72.6,13.64,"Gamma","db","media","success"
75.97,24.64,60,6,57.7,2.23,"Beta",NA,"baja","success"
10.57,11.6,69,1,76.2,6.4,"Gamma","ui","alta","rolled_back"
53.38,15.03,58,4,69.5,26.86,"Alpha","api","baja","rolled_back"
26.47,7.16,84,2,66.8,7.19,"Beta","api","media","failed"
25.86,24.04,81,4,66.8,10.88,"Gamma","api","alta","success"
8.59,12.44,73,4,74.2,8.61,"Alpha","infra","crítica","failed"
20.19,11.91,82,3,51.6,7.79,"Gamma","ui","alta","success"
44.23,10.46,90,3,100,15.25,"Alpha","auth","baja","success"
24.98,13.67,77,4,69,3.74,"Beta","db","media","success"
77.17,5.44,81,2,90.1,19.15,"Gamma","ui","alta","rolled_back"
34.69,20.26,78,2,66.5,3.43,"Beta","ui","baja","success"
32.85,40.57,94,5,64.2,3.53,"Delta","api","baja","rolled_back"
31.17,7.22,72,1,75,13.24,"Alpha","db","media","success"
44.26,16.94,77,3,60.2,14.4,"Gamma","auth","baja","success"
81.55,23.35,69,4,92,4.67,"Alpha","db","baja","success"
60.18,8.45,103,5,97.2,4.8,"Delta","api","media","success"
58.45,11.4,82,1,78.8,3.28,"Alpha","api","alta","success"
97.44,45.21,83,4,53.4,9.22,"Beta","api","baja","success"
24.59,11.82,82,1,66.6,12.01,"Gamma","db","baja","success"
31.95,23.57,80,3,81.1,3.21,"Delta","db","alta","success"
122.12,19.41,84,2,90.7,11.2,"Delta","auth","crítica","success"
23.51,10.28,78,3,60.7,12.8,"Delta","api","crítica","failed"
55.15,20.8,99,2,68.8,10.3,"Beta","test","crítica","success"
41.05,31.91,73,1,91.3,39.94,"Alpha","auth","alta","success"
137.99,24.8,104,2,100,5.2,"Delta","auth","media","success"
101.38,9.8,84,2,65,3.61,"Beta","ui","crítica","success"
39.16,13.11,86,1,73.4,1.54,"Alpha","db","baja","rolled_back"
50.44,310.2,95,3,94.2,20.75,"Gamma","api","media","failed"
4.09,14.78,85,6,71.1,2.55,"Gamma","auth","media","success"
31.69,10.28,86,4,93.5,5.36,"Gamma","auth","media","success"
53.54,22.71,96,3,81,28.55,"Alpha","infra","baja","failed"
185.36,9.98,79,3,60.8,4.26,"Gamma","api","alta","success"
36.25,17.52,75,1,79.5,18.18,"Alpha","auth","media","failed"
51.37,14.62,92,1,80.8,2.8,"Alpha","ui","media","success"
35.12,9.56,104,4,97.1,11.59,"Gamma","ui","media","failed"
13.78,9.51,111,4,78.5,6.4,"Beta","auth","media","success"
35.24,34.22,91,3,100,3.06,"Alpha","api","media","success"
51.44,21.6,90,4,73.5,16.25,"Beta","db","alta","success"
40.63,7.51,89,0,75.8,7.66,"Alpha","ui","media","success"
55.42,13.43,83,1,92.2,10.9,"Gamma","api","alta","failed"
33.02,8.81,87,2,58.7,5.58,"Alpha","api","media","failed"
24.23,7.97,77,4,63.7,17.17,"Delta","api","baja","failed"
67.36,7.86,75,1,80.5,10.21,"Beta","ui","baja","success"
13.42,41.42,85,0,78.7,3.06,"Alpha","ui","alta","success"
56.15,21.79,91,2,94,12.35,"Alpha","auth","media","success"
36.42,7.42,83,2,NA,4.89,"Alpha","db","alta","success"
5.33,28.84,79,5,75.8,6.17,"Beta","ui","crítica","rolled_back"
23.28,12.51,78,3,70.7,17.89,"Gamma","infra","media","success"
81.85,47.18,88,1,76.4,14.97,"Gamma","db","baja","rolled_back"
7.75,20.83,97,2,74.6,17.06,"Gamma","db","alta","failed"
91.62,32.63,72,5,82.7,8.65,"Alpha","ui","alta","failed"
90.68,19.18,102,5,52.5,9.52,"Alpha","ui","alta","success"
75.88,NA,90,3,70.4,10.67,"Beta","api","baja","success"
31.54,13.81,78,1,86.2,4.14,"Alpha","auth","baja","rolled_back"
22.38,33.68,67,1,77.6,3.26,"Alpha","db","media","success"
11.16,5.97,94,4,80.3,18.01,"Delta","api","media","failed"
NA,8.58,91,2,98.8,6.99,"Beta","api","crítica","success"
28.29,8.99,89,2,88.7,3.17,"Alpha","test","crítica","success"
380,13.31,88,7,55,1.87,"Beta","api","alta","success"
39.78,31.59,88,0,100,5.78,"Gamma","auth","baja","success"
22.83,38.42,89,4,60.6,4.39,"Gamma","auth","media","failed"
66.72,12.28,91,1,85.4,3.86,"Alpha","ui","alta","success"
59.24,19.66,99,5,60.5,5.95,"Alpha","auth","crítica","rolled_back"
23.49,10.94,NA,2,69.5,4.28,"Alpha","ui","media","success"
46.07,31.24,102,2,81.6,11.65,"Alpha","api","alta","success"
21.42,26.87,107,5,74.4,5.22,"Gamma","infra","crítica","success"
20.55,44.62,83,4,50.2,9.87,"Alpha","ui","media","success"
17.76,7.05,82,4,62.4,5.48,"Alpha","api","media","success"
25.04,6.7,76,3,71.2,11.28,"Delta","db","media","success"
16.5,16.85,79,3,100,3.43,"Delta","ui","alta","failed"
59.51,14.43,NA,3,55.2,13.26,"Gamma","api","crítica","success"
52.43,23.1,88,0,53.9,16.95,"Alpha","ui","crítica","failed"
30.5,17.85,76,3,78.2,9.73,"Gamma","ui","crítica","success"
103.75,9.94,84,5,62.9,2.64,"Alpha","api","alta","success"
47.13,31.99,99,1,61,17.92,"Delta","api","baja","success"
53.89,9.56,84,4,71.9,16.78,"Delta","db","media","rolled_back"
25.13,19.14,91,2,70.7,8.41,"Delta","ui","alta","success"
89.47,20.79,74,3,59,13.36,"Gamma","test","media","success"
36.05,10.48,79,3,54.7,14.87,"Beta","api","media","success"
23.84,13.33,71,9,65.3,11.12,"Alpha","infra","alta","success"
61.64,24.47,71,5,82.9,2.57,"Alpha","auth","alta","success"
18.85,31.42,80,3,66.5,39.73,"Gamma","auth","alta","failed"
15.61,26.78,81,1,73.5,21.47,"Delta","auth","alta","success"
83.85,5.6,89,5,71.7,15.6,"Delta","db","baja","success"
66.6,28.96,101,5,66.1,10.67,"Beta","api","baja","failed"
68.8,21.2,84,2,35.8,5.53,"Delta","db","alta","success"
53.2,2.85,89,3,47.3,28.13,"Gamma","test","alta","failed"
38.18,15.34,84,2,93.5,6.96,"Gamma","test","baja","failed"
17.04,23.07,105,4,36.7,4.49,"Alpha","auth","media","failed"
22.78,30.45,90,5,80.7,19.91,"Alpha","ui","media","success"
27.9,17.1,84,2,84.3,24.65,"Delta","auth","baja","success"
64.9,17.92,78,2,65.6,43.99,"Delta","api","baja","success"
29.08,28.06,89,3,73.9,NA,"Beta","db","media","failed"
53.26,10.12,85,4,71.8,8.94,"Gamma","api","media","success"
50.48,9.5,76,4,91,8.09,"Gamma","db","baja","success"
25.96,28.42,97,1,48.2,4.63,"Alpha","api","media","success"
13.07,21.69,92,5,63,6.72,"Beta","ui","media","rolled_back"
29.44,13.98,93,3,72,28.53,"Beta","test","crítica","failed"
25.72,4.46,92,7,87.9,4.45,"Beta","api","baja","success"
10.83,17.88,81,3,70.1,8.83,"Delta","auth","media","rolled_back"
25.82,46.96,85,3,70.9,2.37,"Gamma","auth","baja","failed"
80.99,15.61,86,2,70.7,11.15,"Gamma","test","baja","failed"
20.04,14.28,70,2,75.9,6.36,"Beta","auth","baja","rolled_back"
20.7,21.84,77,2,45.3,1.62,"Beta","ui","baja","success"
112.43,NA,95,6,62.8,4.26,"Gamma","db","alta","success"
35.18,18.6,86,2,58.5,4.29,"Beta","db","crítica","success"
10.49,19.81,90,3,66,10.55,"Gamma","infra","media","rolled_back"
13.98,9.42,69,7,65.8,11.44,NA,"auth","alta","rolled_back"
147.78,14.81,93,2,76.4,16.5,"Gamma","db","media","failed"
73.91,21.62,79,0,74,5.01,"Delta","api","alta","rolled_back"
29.35,25.1,102,1,84.4,9.35,"Beta","test","baja","rolled_back"
8.4,39.93,97,5,88.4,8.1,"Alpha","infra","crítica","rolled_back"
8.81,35.75,87,6,48.9,7.06,"Beta","db","media","rolled_back"
12.84,13.86,92,4,52.9,6.21,"Gamma","ui","baja","failed"
12.28,7.75,87,1,81.9,16.93,"Gamma","db","crítica","failed"
26.37,19.29,83,4,70.3,7.54,"Gamma","db","crítica","success"
76.37,32.55,89,1,93.7,12.26,"Alpha","api","media","success"
23.83,32.17,86,4,76.1,8.41,"Delta","api","alta","success"
18.98,8.03,75,3,53.8,4.14,"Alpha","infra","crítica","success"
14.33,22.45,69,3,73,5.4,"Beta","api","media","success"
13.98,6.7,118,5,74.5,15.73,"Alpha","test","alta","failed"
24.63,15.32,84,8,47.9,8.69,"Gamma","ui","alta","rolled_back"
13.62,39.47,85,2,67,5.62,"Gamma","test","baja","success"
110.83,17.53,85,1,51.8,7.84,"Gamma","api","media","success"
27.1,23.48,81,6,68.7,6.64,"Alpha","auth","baja","success"
65.53,26.99,80,5,54.7,7.68,"Gamma","auth","baja","failed"
20.92,77.27,88,2,81.1,15.66,"Alpha","test","media","failed"
34.87,9.82,78,4,52.6,1.05,"Alpha","auth","media","rolled_back"
16.46,10.19,86,3,68.1,3.66,"Alpha","db","baja","success"
18.83,8.53,90,4,87.8,9.28,"Gamma","auth","alta","failed"
24.1,34.35,90,5,70.6,2.11,"Alpha","api","media","failed"
29.03,18,82,1,95.5,1.53,"Alpha","db","baja","failed"
37.69,10.49,90,3,50.9,3.22,"Gamma","api","media","failed"
37.13,19.5,100,2,75,19.52,"Beta","ui","crítica","rolled_back"
56.97,20.24,106,3,70,3.71,"Gamma","db","media","rolled_back"
18.94,20.87,101,0,53.4,4.25,"Alpha","infra","baja","failed"
65.03,15.34,90,6,93,15.17,"Alpha","test","media","rolled_back"
47.04,7.58,82,4,51.1,29.56,"Delta","auth","media","success"
11.3,11.7,87,1,48,3.92,"Alpha","ui","alta","rolled_back"
13.19,7.56,96,3,92,2.99,"Alpha",NA,"baja","rolled_back"
98.05,17.88,94,3,100,1.39,"Beta","ui","crítica","success"
37.51,7.26,98,2,59.1,10.8,"Gamma","auth","media","failed"
26.55,19.48,81,4,73.4,5.54,"Gamma","auth","media","rolled_back"
39.44,47.75,74,2,89.9,6.18,"Beta","ui","media","success"
13.12,6.4,98,NA,96.5,16.91,"Beta","db","alta","failed"
27.54,7.12,87,2,100,3.16,NA,"auth","media","success"
53.92,17.87,73,4,46.9,48.83,"Beta","api","media","success"
22.91,63.28,78,4,58.5,64.94,"Gamma","auth","alta","success"
20.71,12.79,98,3,62.6,4.87,"Beta","auth","baja","success"
19.18,13.5,79,1,71.8,3.1,"Gamma","api","crítica","success"
89.34,17.99,80,1,64,8.97,"Alpha","ui","baja","success"
46.36,19.24,91,1,56.9,9.09,"Beta","ui","crítica","success"
11.59,9.09,80,2,69.1,21.59,"Delta","test","alta","success"
20.51,24.32,89,4,67.2,8.32,"Delta","api","baja","success"
8.07,9.82,78,4,77.1,1.88,"Gamma","api","alta","failed"
33.58,18.53,96,4,37.8,4.22,"Gamma","infra","media","success"
39.41,13.08,83,3,67.7,1.75,"Gamma","test","media","success"
27.25,31.06,90,8,88.1,10.8,"Alpha","db","media","success"
15.05,11.81,74,1,57.3,6.35,"Beta","auth","baja","success"
9.57,14.53,70,4,84.2,2.12,"Alpha","auth","crítica","success"
22.49,20.79,96,1,64.4,2.47,"Delta","api","crítica","success"
6.42,19.76,84,1,75.7,16.6,"Beta","db","baja","success"
66.16,31.97,72,1,73.9,8.61,"Alpha","api","media","success"
20.25,24.25,79,1,94.2,1.67,"Alpha","db","alta","rolled_back"
5.05,17.26,71,3,77.4,7.39,"Gamma","api","media","success"
67.97,13,88,3,70.1,26.46,"Alpha","test","media","failed"
41.95,20,NA,3,NA,9.72,"Alpha","api","alta","failed"
4.81,NA,115,4,72.3,15.94,"Beta","auth","alta","success"
27.24,10.13,81,4,89.2,8.97,"Alpha","infra","crítica","success"
15.98,9.57,76,3,71.9,12.96,"Beta","db","alta","rolled_back"
83.77,15.32,79,2,82.4,13.31,"Delta","api","media","failed"
125.06,28.54,78,4,80.3,17.4,"Gamma","ui","media","rolled_back"
36.65,NA,86,3,59.8,6.09,"Beta","ui","media","failed"
66.25,18.07,85,2,87.1,9.94,"Alpha","api","media","rolled_back"
92.51,45.92,63,4,50.2,15.79,"Beta","api","baja","success"
24.17,20.29,84,5,73.8,11.88,"Gamma","api","alta","failed"
46.55,18.66,84,3,NA,17.99,"Gamma","auth","baja","success"
27.81,24.67,97,2,98.8,NA,"Beta","ui","media","failed"
21.71,27.72,86,2,52.6,8.48,"Alpha","api","media","failed"
42.88,16.47,77,2,85.8,7.6,"Alpha","db","crítica","success"
27.43,18.25,85,3,42.2,5.86,"Beta","ui","baja","success"
NA,12.07,99,2,81.5,3.72,"Delta","test","baja","rolled_back"
25.35,12.88,89,5,83.5,27.87,"Beta","auth","baja","success"
16.25,70.08,97,4,71.7,10.49,"Beta","infra","baja","failed"
47.08,23.84,87,3,100,3.58,"Beta","auth","alta","failed"
61.06,8.51,87,4,68.7,28.54,"Gamma","auth","crítica","success"
11.39,17.78,80,5,74.8,20.41,"Gamma","ui","alta","success"
12.61,18.82,98,4,56.4,41.06,"Beta","db","crítica","success"
35.52,19.12,80,5,56.9,3.23,"Alpha","auth","baja","success"
36.23,108.83,78,3,54.6,10.71,"Beta","ui","media","success"
21.98,20.26,81,3,86.3,22.47,"Alpha","api","baja","failed"
93.66,32.36,84,5,93.9,7.39,"Alpha","auth","baja","success"
10.45,5.17,90,2,73,19.35,"Alpha","test","alta","success"
11.77,26.04,97,0,76.8,7.5,"Gamma","api","media","failed"
25.3,31.47,80,4,88,2.77,"Alpha","test","baja","success"
37.25,11.4,92,4,51.8,7.85,"Alpha","auth","media","success"
14.9,97.64,89,0,NA,1.84,"Alpha","ui","alta","failed"
67.95,32.56,70,4,65.4,3.14,"Gamma","db","baja","success"
26.35,12.73,92,2,73.4,1.48,"Gama","api","crítica","success"
14.92,17.19,77,2,57,2.17,"Alpha","infra","baja","failed"
16.34,12.44,71,5,83.8,12.5,"Alpha","test","media","failed"
17.52,9.7,91,3,55.5,8.77,"Delta","db","alta","rolled_back"
43.29,31.64,65,7,67.3,4.63,"Delta","ui","alta","success"
15.9,10.37,65,2,74.9,12.36,"Gamma","ui","baja","success"
33.39,8.65,94,1,89.9,14.69,"Delta","db","alta","success"
13.46,27.74,82,2,64.2,36.48,"Beta","api","crítica","failed"
33.07,41.01,81,3,92.4,3.14,"Alpha","api","crítica","success"
36.95,15.17,100,2,59.3,4.05,"Alpha","db","baja","failed"
80.5,7.44,93,3,98.1,3.74,"Gamma","test","media","success"
30.7,24.67,75,4,77.3,3.34,"Alpha","api","baja","rolled_back"
57.72,11.3,84,3,69.7,10.99,"Beta","api","alta","rolled_back"
9.75,13.26,101,3,64.7,8.71,"Alpha","api","baja","success"
41.63,165.53,72,1,91.2,4.3,"Beta","infra","crítica","success"
32.48,28.95,90,3,92.2,18,"Beta","ui","alta","rolled_back"
84.52,37.58,77,0,74.5,10.45,"Gamma","test","media","failed"
11.87,6.38,88,0,83.4,3.4,"Delta","auth","media","rolled_back"
56.56,8.28,102,1,59.9,18.78,"Gamma","api","media","failed"
24.83,33.07,83,4,92.5,5.29,"Alpha","ui","alta","success"
33.78,41.18,95,2,46.8,4.71,"Beta","db","alta","failed"
32.42,24.33,90,1,84.4,7.31,"Alpha","db","media","success"
39.09,17.56,91,6,99.8,1.07,"Delta","db","baja","failed"
21.53,9.7,NA,3,59.3,23.28,"Beta","test","alta","success"
40.63,18.32,104,2,82.3,9.63,"Beta","infra","media","success"
43.49,11.48,94,0,63,12.08,"Alpha","api","baja","rolled_back"
28.1,8.01,88,3,65.1,16.46,"Gamma","ui","alta","success"
25.01,4.47,84,2,71.7,10.14,"Gamma","api","media","success"
137.22,8.04,NA,3,72.4,4.64,"Alpha","test","media","success"
14.78,6.1,85,3,86.8,4.93,"Gamma","infra","baja","failed"
27.47,14.11,77,2,59.8,11.1,"Beta","auth","media","success"
49.93,44.35,77,1,59,3.43,"Delta","db","baja","success"
37.17,11.03,93,4,100,5.92,"Alpha","api","media","success"
82.15,4.7,84,1,77.6,1.77,"Delta","ui","media","failed"
45.08,13.15,88,3,63.3,5.41,"Gamma","api","alta","success"
55.1,7.36,81,5,60.5,7.58,"Beta","auth","alta","success"
64.52,29.14,91,NA,80.6,10.83,"Beta","api","alta","success"
11.55,46.04,65,3,69.9,23.27,"Alpha","test","alta","success"
31.48,8.95,75,5,50.2,6.75,"Delta","infra","crítica","failed"
51.79,26.57,87,2,69.4,12.08,"Alpha","db","media","success"
100.88,64.56,82,3,43.7,11.46,"Beta","api","alta","success"
8.43,33.21,93,1,62.3,11.26,NA,"ui","media","success"
16.57,13.12,100,1,53.5,5.89,"Beta","ui","media","success"
66.23,31.35,73,3,81.6,5.04,"Gamma","ui","media","failed"
66.15,20.48,78,5,85.4,21.92,"Beta","db","alta","success"
23,15.42,103,0,37.9,24.16,"Gamma","ui","alta","success"
10.59,13.75,100,1,84.4,11.15,"Delta","api","media","rolled_back"
16.69,27.67,77,3,56.5,6.34,"Beta","auth","media","success"
92.14,11.13,83,8,92.5,13.81,"Gamma","api","alta","rolled_back"
6.83,23.94,84,2,69.5,1.55,"Gamma","auth","alta","success"
26.49,17.7,75,2,62.4,21.29,"Delta","api","crítica","success"
49.07,24.68,93,3,55.6,4.42,"Gamma","auth","media","failed"
30.21,28.31,79,1,58.1,11.26,"Gamma","api","baja","success"
32.22,7.32,77,1,73.1,4.88,"Beta","api","alta","success"
102.89,14.21,81,2,90.5,1.76,"Delta","auth","baja","success"
25.35,7.95,71,5,95.9,10.39,"Alpha","ui","crítica","success"
39.31,13.93,81,0,45.8,1.42,"Delta","ui","media","rolled_back"
24.03,41.38,101,4,63.5,11.48,"Alpha","test","crítica","success"
47.19,24.84,74,3,56,7.1,"Beta","infra","baja","rolled_back"
25.13,13.89,101,3,85.8,7.98,"Alpha","db","media","success"
42.16,23.55,79,5,47,8.92,"Delta","ui","crítica","success"
30.58,12.43,96,6,54,1.48,"Beta","api","baja","success"
175.3,14.75,94,3,64,10.11,"Alpha","infra","media","success"
109.27,8.63,92,0,63.4,25.86,"Delta","api","baja","success"
21.36,15.34,97,6,81.2,4.47,"Gamma","api","crítica","success"
22.52,14.1,78,1,88.8,13.31,"Delta","auth","crítica","success"
12.25,13.52,82,2,87.1,16.87,"Beta","auth","media","success"
15.57,28.64,90,1,80.4,9.55,"Beta","db","alta","failed"
8.35,41.42,73,3,75.6,19.25,"Gamma","ui","media","success"
52.06,40.83,96,2,66.6,3.53,"Alpha","ui","baja","success"
16.88,51.88,98,6,51.4,11.64,"Alpha","db","crítica","success"
30.33,15.42,63,1,67.8,8.8,"Gamma","api","media","failed"
114.6,30.11,95,3,43.4,5.64,"Alpha","auth","media","success"
52.38,4.88,NA,1,75.3,9.41,"Delta","ui","alta","success"
13.36,7.17,94,2,79.8,16.53,"Gamma","ui","alta","success"
18.36,42.49,86,1,71.9,12.56,"Delta","infra","media","failed"
9.05,70.44,100,2,38,7.38,"Alpha","db","baja","success"
14.14,17.12,71,2,52.8,1.91,"Beta","test","alta","rolled_back"
93.62,22.97,86,1,49.7,16.21,"Alpha","auth","media","success"
45.66,15.07,89,6,76.2,25.34,"Gamma","api","alta","success"
12.6,19.37,68,7,61.9,8.52,"Gamma","ui","alta","success"
50.63,13.73,94,3,76.6,6.12,"Beta","auth","media","success"
55.48,27.78,82,2,83.3,7.47,"Gama","db","media","rolled_back"
15.38,18.41,101,3,82.4,7.8,"Delta","ui","media","failed"
29.86,3.23,85,3,58.8,3.69,"Beta","auth","alta","success"
35.72,24.1,78,4,62.8,5.54,"Beta","ui","media","success"
42,8.7,92,4,69.8,5.23,"Alpha","auth","media","success"
57.97,31.23,97,3,57.4,8.58,"Beta","auth","media","success"
48.21,16.02,79,2,63.3,7.59,"Alpha","db","media","success"
34.18,18.29,85,3,68.7,8.72,"Beta","ui","crítica","success"
210.58,43.93,75,4,69.9,6.93,"Delta","ui","media","failed"
31.51,12.95,97,2,NA,5.18,"Gamma","auth","crítica","success"
9.85,12.14,84,2,NA,24.71,"Gamma","db","crítica","success"
17.18,17.7,88,1,72.4,8.52,"Delta","infra","baja","success"
25.38,34.01,91,3,64.9,NA,"Beta","api","alta","success"
60.68,40.7,92,5,55.7,NA,"Delta","auth","media","success"
NA,8.41,78,4,96,9.83,"Alpha","auth","baja","success"
12.77,11.06,77,5,87.8,16.88,"Alpha","test","alta","success"
27.12,3.81,69,7,59.4,5.25,"Beta","db","alta","success"
50.94,43.04,104,2,66.4,13.87,"Gamma","infra","media","success"
56.02,10.99,109,7,85.5,9.85,"Alpha","test","baja","success"
26.23,21.56,89,0,58.8,17.58,"Alpha","test","baja","success"
17.77,15.31,103,2,93.1,18.8,"Beta","ui","alta","success"
154.09,29.48,80,1,70.2,7.47,"Delta","api","alta","success"
45.62,6.44,78,0,80.8,3.02,"Gamma","api","baja","success"
35.35,19.52,81,5,87.6,13.95,"Alpha","auth","media","rolled_back"
49.62,14.22,97,1,86.7,6.97,"Beta","api","crítica","success"
19.58,15.42,85,7,82.6,12.38,"Alpha","ui","alta","failed"
38.76,9.95,71,0,83.3,4.27,"Gamma","ui","alta","failed"
46.03,NA,89,NA,69.6,1.5,"Gamma","db","media","success"
19.95,18.03,78,4,81.2,19.43,"Beta","infra",NA,"success"
27.63,24.86,81,7,77.1,6.38,"Gamma","api","media","success"
49.21,12.9,84,6,72,14,"Alpha","api","media","success"
11.06,39.66,85,4,74.7,33.02,"Beta","api","baja","success"
73.96,10.97,91,2,52.1,18.58,"Alpha","ui",NA,"success"
29,15.58,73,4,80.9,2.6,"Alpha","api","alta","success"
22,25.34,99,4,96,10,"Delta","auth","crítica","rolled_back"
19.35,5.12,86,1,88.4,3.43,"Beta","infra","alta","success"
99.78,17.08,89,1,98.6,16.81,"Gamma","db","baja","success"
25.63,27.75,78,3,74.6,6.52,"Gamma","ui","baja","rolled_back"
34.14,10.18,96,5,83.2,5.92,"Alpha","auth","baja","success"
21.72,5.02,74,1,75.8,5.99,"Delta","auth","alta","success"
17.37,41.87,94,2,67.6,5.17,"Alpha","test","media","success"
49.68,26.52,78,3,48.5,11.39,"Gamma","auth","alta","success"
31.51,15.73,86,2,65.3,16.86,"Gamma","ui","crítica","success"
37.66,9.52,97,1,67.3,32.81,"Beta","test","media","success"
20.6,14.68,84,2,84.1,8.58,"Alpha","api","baja","success"
66.15,24.72,86,2,52.7,13.67,"Gamma","ui","media","rolled_back"
47.9,17.85,77,6,97,7.3,"Delta","ui","baja","success"
44.27,8.4,80,3,94.2,17.62,"Gamma","ui","crítica","failed"
NA,4.29,102,2,64.4,4.44,"Gamma","db","baja","success"
77.89,16.7,72,3,71.5,9.91,"Gamma","ui","alta","success"
57.75,38.55,95,5,100,15.98,"Delta","auth","media","rolled_back"
23.2,27.23,97,2,39.7,76.99,"Gamma","api","alta","success"
43.4,50.09,83,5,80.9,19.55,"Gamma","test","baja","success"
33.91,22.96,75,0,54.4,12.85,"Beta","db","media","success"
114.01,11.97,78,2,60.8,2.35,"Gamma","api","alta","success"
13.28,10.11,81,2,86.4,6.8,"Beta","test","crítica","success"
39.81,4.78,87,4,78.6,17.48,"Alpha","test","alta","success"
18.92,18.05,105,1,57,6.32,"Gamma","ui","media","success"
9.72,22.7,86,2,99.5,5.83,"Delta","api","alta","success"
23.69,13.67,87,5,55.3,13.91,"Delta","infra","media","success"
16.35,19.26,84,6,64.5,6.44,"Alpha","api","media","success"
34.34,7.15,91,1,76.9,2.07,"Beta","api","media","success"
43.62,28.17,68,3,67.8,NA,"Alpha","ui","media","failed"
35.52,34.07,64,3,74.5,13.11,"Delta","db","alta","failed"
32.98,27.09,79,1,82.7,1.85,"Alpha","auth","alta","rollback"
53.63,14.08,85,2,74.2,21.5,"Delta","auth","alta","success"
23.63,13.27,83,4,83.2,9.5,"Alpha","test","media","success"
5.02,9.75,92,2,47.8,6.56,"Beta","db","baja","failed"
72.85,19.4,81,10,72.9,1.36,"Beta","db","alta","rolled_back"
30.56,14.88,82,4,52.9,6.42,"Alpha","db","alta","rolled_back"
55.48,16.97,90,0,66.6,3.19,"Alpha","ui","media","rolled_back"
48.34,29.2,87,3,86.2,4.33,"Gamma","test","media","rolled_back"
29.99,10.99,96,4,44,4.86,"Alpha","test","alta","success"
52.71,36.66,74,4,100,5.25,"Alpha","api","media","failed"
13.46,10.89,81,2,54.6,43.18,"Delta","test","media","success"
46.45,10.08,73,1,65.4,42.65,"Alpha","infra","alta","success"
80.59,31.31,80,0,71.5,4.8,"Gamma","ui","alta","success"
96.7,29.61,89,4,86.2,21.48,"Delta","api","media","success"
23.79,37.06,92,2,64.3,13.39,"Alpha","auth","media","success"
26.96,11.19,79,1,73.3,18.4,"Delta","auth","alta","success"
69.94,72.29,97,2,69.9,26.28,"Delta","infra","baja","rolled_back"
22.66,7.5,85,4,81.9,13.82,"Beta","db","alta","success"
48.49,11.15,94,3,85.4,16.23,"Alpha","api","crítica","rolled_back"
28.05,22.45,87,6,91.1,6.78,"Beta","api","crítica","success"
20.52,22.04,74,5,46.6,18.33,"Alpha","db","media","success"
34.49,28.63,80,4,81.6,2.95,"Beta","db","media","success"
29.77,21.18,102,NA,74.9,5.1,"Delta","test","alta","success"
24.73,17.9,113,3,72.8,6.72,"Gamma","infra","alta","success"
21.96,18.76,100,5,58.7,1.32,"Alpha","api","alta","failed"
54.12,12.09,84,4,63.9,12.47,"Alpha","infra","alta","success"
115.19,33.94,63,1,64.2,9.73,"Alpha","auth","media","success"
NA,6.75,91,3,83,5.44,"Gamma","auth","baja","success"
14.44,8.86,75,4,NA,6.22,"Delta","infra","alta","success"
17.61,37.93,89,6,81.5,8.4,"Alpha","db","crítica","success"
38.03,9.86,93,4,61.4,2.04,"Beta","test","media","failed"
33.48,10.31,83,3,66.1,4.88,"Gamma","infra","baja","success"
15.53,5.15,87,1,87.7,9.62,"Beta","test","crítica","success"
38.81,17.08,79,6,92.4,8.5,"Alpha","auth","alta","success"
30.88,11.13,81,5,95.1,1.59,"Beta","auth",NA,"success"
41.24,6.47,74,2,73.9,11,"Alpha","auth","alta","failed"
30.61,22.56,86,1,62.5,5.35,"Gamma","db","baja","success"
11.89,10.95,64,5,73.1,12.91,"Alpha","db","baja","success"
86.99,21.89,78,3,50.4,26.66,"Gamma","ui","media","success"
86.28,10.44,82,3,41.4,15.38,"Delta","db","baja","failed"
34.09,17.31,96,1,71.1,10.85,"Gamma","db","baja","success"
98.22,6.83,79,4,56.6,11.93,"Beta","db","media","success"
63,55.81,84,3,68.6,NA,"Gamma","test","alta","success"
16.45,14.57,NA,5,73.2,1.2,"Alpha","ui","baja","rolled_back"
59.63,10.56,70,0,64.5,23.15,"Delta","ui","crítica","success"
15.17,13.76,99,5,100,6.06,"Beta","ui","media","success"
26.15,32.26,81,0,55.3,8.26,"Beta","test","crítica","success"
46.57,13.84,86,0,77.3,0.78,"Alpha","infra","alta","success"
84.52,16.28,NA,5,77,3.43,"Delta","ui","alta","success"
19.36,23.7,85,4,55.6,3.75,"Delta","api","baja","success"
39.05,11.3,80,2,68.4,15.74,"Beta","api","baja","failed"
76.43,25.79,72,5,68.1,1.35,"Alpha","test","media","success"
34,18.41,87,4,95.4,7.71,"Alpha","ui","baja","success"
9.41,10.36,85,3,69.8,4.34,"Alpha","auth","alta","failed"
63.52,15.27,71,3,100,2.91,"Delta","ui","baja","success"
51.12,32.79,92,2,95.5,8.66,"Beta","db","media","rolled_back"
63.73,25.43,92,2,58.9,3.69,"Delta","db","baja","success"
31.93,8.18,90,1,82.1,5.26,"Gamma","api","media","rolled_back"
77.83,14.33,83,2,89.2,6.4,"Alpha","api","alta","rolled_back"
37.31,9.84,86,4,53.9,8.27,"Gamma","api","baja","success"
34.25,11.8,88,4,85.4,3.19,"Delta","auth","baja","success"
31.25,20.29,74,1,59.8,10.71,"Alpha","auth","alta","success"
166.86,30.96,91,4,55.9,11.12,"Alpha","infra","media","rolled_back"
59.2,28.52,94,1,65.5,16.63,"Beta","auth","alta","success"
6.09,26.4,93,3,72.1,2.96,"Delta","ui","alta","failed"
24.1,17.61,80,2,59.4,12.77,"Beta","ui","crítica","success"
56.52,14.94,72,1,87.3,6.44,"Beta","db","media","failed"
21.35,29.94,93,3,62.7,15.02,"Delta","ui","alta","success"
18.54,40.36,86,2,74.1,12.73,"Gamma","infra","alta","failed"
19.21,8.47,80,2,89.6,7.82,"Beta","ui","media","success"
42.46,9.91,80,3,73.3,3.35,"Gamma","api","baja","failed"
22.88,14.56,79,3,92.8,18.62,"Gamma","api",NA,"success"
32.89,10.26,93,1,79.6,1.72,"Alpha","api","alta","failed"
30.16,12.84,75,1,48.6,6.96,"Delta","db","media","success"
29.78,18.15,100,4,39.2,10.72,"Alpha","ui","alta","success"
22.89,18.34,94,5,65.7,3.29,"Alpha","auth","media","success"
19.08,42.84,86,5,60.3,5.27,"Alpha","db","media","failed"
96.69,8.65,95,0,72.3,10.91,"Delta","auth","baja","success"
61.6,11.58,77,NA,95.8,2.02,"Alpha","api","baja","success"
36.4,15.51,67,2,67.9,8.01,"Alpha","infra","baja","failed"
36.5,13.28,96,3,55.9,14.22,"Beta","api","crítica","success"
38.87,4.8,85,2,82.4,NA,"Gamma","api","baja","rolled_back"
120.65,21.26,76,3,39.6,6.56,"Gamma","test","media","failed"
25.71,20.81,83,3,63.8,14.2,"Gamma","db","media","success"
14.77,17.87,78,6,56.9,6.63,"Delta","ui","media","success"
34.9,11.13,97,1,75.8,5.4,"Gamma","auth","baja","success"
NA,58.15,92,3,62.8,NA,"Gamma","auth","alta","success"
36.31,6.13,86,3,81.5,3.56,"Gamma","auth","crítica","success"
24.78,26.17,79,3,94.1,6.99,"Alpha","ui","media","rolled_back"
60.56,41.15,86,7,79.7,20.09,"Alpha","ui","baja","success"
96.13,5.65,77,3,84.7,3.43,"Beta","infra","media","failed"
34.38,10.91,84,2,71.1,6.24,"Alpha","api","alta","success"
122,26.45,77,5,65.1,13.41,"Alpha","api","crítica","success"
12.36,29.24,86,3,93.1,62.18,"Beta","db","crítica","rolled_back"
18.94,16.53,82,6,56.9,3.14,"Delta","api","baja","success"
72.97,18.4,80,2,71.4,8.01,"Gamma","db","baja","success"
22.2,22.12,93,4,80.5,4.16,"Delta","api","crítica","success"
74.34,18.53,83,4,76.8,19,"Alpha","ui","baja","success"
20.83,15.97,97,0,59.3,6.31,"Gamma","ui","media","success"
78.19,11.39,99,1,61.7,13.37,"Gamma","db","media","success"
25.38,8.05,87,1,65.3,7.7,"Gamma","auth","alta","success"
32.37,19.34,84,2,55.5,5.19,"Beta","infra","alta","success"
42.52,17.91,81,2,67.1,NA,"Gamma","auth","alta","success"
13.86,22.83,72,1,84,12.24,"Delta","ui","baja","success"
32.15,10.25,68,2,44.1,45.46,"Alpha","api","baja","success"
33.62,26.76,81,2,52.4,6.24,"Alpha","api","alta","success"
78.97,28.97,99,0,68.5,6.74,"Alpha","auth","alta","success"
15.9,14.02,88,5,75.7,7.51,"Gamma","auth","crítica","success"
81.17,17.01,95,1,96.8,2.87,"Beta","ui","crítica","success"
31.01,62.16,78,4,82.9,5.77,"Beta","api","crítica","rolled_back"
25.59,9.05,82,2,78.6,4.8,"Alpha","api","alta","success"
63.35,12.81,89,2,69.1,22.14,"Beta","auth","media","failed"
40.94,16.61,74,5,60.2,17.81,"Alpha","api","baja","rolled_back"
61.46,69.88,86,1,66.5,6.76,"Alpha","ui","alta","success"
102.8,15.11,NA,2,93.4,1.82,"Beta","auth","media","rolled_back"
31.89,17.33,89,3,50.3,10.73,"Beta","api","baja","success"
NA,6.59,86,NA,48.2,6.84,"Gamma","auth","media","failed"
23.16,28.49,94,3,69.8,15.68,"Delta","db","baja","success"
28.47,15.96,70,5,67.8,1.43,"Delta","auth","media","fail"
35.08,13.9,78,1,67.8,12.63,"Alpha","api","media","success"
11.17,6.74,86,5,48.9,4.96,"Alpha","db","baja","rolled_back"
20.17,30.46,91,2,77.2,4.01,"Delta","db","crítica","success"
23.86,16.77,71,5,71.2,31.12,"Beta","test","media","success"
28.4,9.42,96,3,87.3,4.34,"Alpha","api","media","rolled_back"
NA,7.8,83,2,46.6,1.54,"Alpha","ui","crítica","failed"
23.15,16.07,76,6,59.5,7.49,"Gamma","db","media","rolled_back"
114.05,28.39,91,4,70.6,5.57,"Beta","auth","alta","success"
29.18,13.67,70,3,68.6,15.63,"Alpha","api","alta","success"
13.37,24.44,92,2,61.6,7.3,"Delta","auth","baja","rolled_back"
15.64,18,86,7,36.2,4.21,"Delta","api","media","success"
33.7,17.96,83,1,68.2,5.69,"Gamma","infra","alta","rolled_back"
122.23,7.45,85,5,76.8,4.91,"Gamma","test","media","success"
50.71,14.16,90,4,61.4,16.28,"Beta","api","baja","rolled_back"
13.5,20.18,83,4,71.1,13.29,"Delta","infra","baja","success"
31.92,29.07,71,0,77.8,6.86,"Beta","db","alta","success"
19.27,7.7,68,2,90.3,4.46,"Alpha","Auth","alta","success"
14.84,29.89,90,2,58.5,8.72,"Alpha","test","crítica","failed"
35.23,32.74,102,3,86.5,15.87,"Alpha","ui","baja","failed"
182.78,5.1,85,5,76.2,13.18,"Gamma","infra","media","success"
89.24,4.02,64,3,98.2,7.58,"Delta","api","alta","success"
12.47,7,102,2,53.1,2.56,"Alpha","ui","media","success"
43.79,8.93,63,5,68.7,36.47,"Alpha","api","alta","rolled_back"
50.73,7.21,74,2,46.7,5.24,"Gamma","ui","alta","success"
62.42,19.82,91,1,100,10.11,"Beta","auth","crítica","failed"
45.03,31.79,88,1,74,3.85,"Alpha","infra","alta","success"
95.69,28.48,76,3,68.6,17.17,"Delta","api","baja","failed"
13.62,12.78,80,3,82.6,5.94,"Alpha","api","media","success"
57.95,21.52,72,2,57.9,5.23,"Beta","api","baja","success"
26.03,16.34,76,3,77.6,2.23,"Alpha","auth","baja","success"
23.21,21.04,103,2,75.2,10.7,"Gamma","test","media","success"
70.43,17.62,81,1,84.1,8.49,"Gamma","infra","media","failed"
145.47,7.64,89,4,66.2,3.04,"Alpha","test","alta","rolled_back"
NA,8.23,84,NA,76.6,9.17,"Gamma","db","media",NA
57,76.35,86,3,75.1,3.19,"Beta","infra","baja","failed"
24.55,5.37,98,4,63.7,10.58,"Alpha","ui","alta","success"
39.53,20.84,89,3,72.3,4.26,"Gamma","api","media","success"
12.59,18.47,77,3,80.8,8.43,"Gamma","ui","media","success"
37.78,24.89,NA,3,76.7,9.63,"Beta","api",NA,"failed"
93.66,14.33,78,4,80.7,16.79,"Gamma","db","alta","failed"
88.8,11.48,75,2,63,2.08,"Gamma","auth","media","success"
30.38,6.34,88,2,47,30.55,"Gamma","ui","media","success"
36.68,48.53,81,7,73.3,3.87,"Alpha","auth","baja","success"
12.46,7.92,101,8,61,1.02,"Alpha","db","crítica","success"
7.7,15.91,79,3,55.6,8.63,"Beta","api","baja","success"
50.49,9.08,98,6,95.6,1.42,"Delta","api","baja","success"
19.07,20.62,81,4,92.3,2.25,"Gamma","auth","alta","success"
35.17,11.88,86,3,84.5,2.32,"Delta","ui","media","success"
51.76,8.69,76,2,76.4,18.43,"Alpha","test","baja","rolled_back"
91.6,18.91,97,4,72.4,2.38,"Alpha","ui","baja","rolled_back"
81.73,26.87,73,5,75.5,2.59,"Delta","db","crítica","rolled_back"
64.94,15.81,NA,3,80.6,1.46,"Beta","auth","alta","success"
26.13,11.62,88,3,67.5,2.27,"Gamma","ui","media","failed"
71.36,10.88,89,2,78.5,6.14,"Gamma","api","baja","rolled_back"
18.04,6.82,85,3,56.6,10.78,"Alpha","ui","media","success"
17.63,11.66,90,0,71.3,7.12,"Alpha","auth","alta","success"
13.92,15.81,77,3,64.9,14.18,"Alpha","api","baja","success"
34.01,21.8,89,1,69,15.58,"Alpha","api","alta","failed"
50.67,5.67,74,3,68.7,6.64,"Beta","api","alta","success"
71.86,13.56,83,NA,83.3,5.26,"Beta","ui","baja","failed"
68.38,9.62,88,1,63.3,22.32,"Delta","api","baja","success"
37.24,15.3,78,3,77.7,9.89,"Delta","api","baja","success"
26.45,24.65,95,2,86.5,2.97,"Beta","auth","media","success"
33.52,13.27,86,1,93.4,3.18,"Beta","api","alta","success"
48.78,42.5,106,4,74.5,8.87,"Gamma","test","alta","rolled_back"
72.31,3.77,84,0,69.2,10.03,"Delta","infra","baja","success"
20.91,35.29,84,2,42.5,52.95,"Gamma","db","media","success"
14.98,8.91,84,NA,74.7,9.39,"Gamma","auth","media","success"
8.44,NA,90,3,82,12.59,"Delta","ui","alta","rolled_back"
13.23,9.52,93,2,75.1,5.69,"Beta","api","media","rolled_back"
19.99,6.04,78,5,59.2,11.05,"Beta","ui","crítica","success"
22.33,61.76,79,0,82.6,1.63,"Gamma","auth","media","success"
39.41,14.39,95,4,73.7,3.35,"Gamma","auth","crítica","success"
18.5,8.96,79,2,63.9,9.59,"Delta","api","alta","success"
27.15,18.23,85,3,NA,7.59,"Gamma","ui","alta","success"
NA,27.83,95,5,91.3,7.39,"Alpha","ui","media","success"
15.18,16.87,100,2,68.5,14.64,"Alpha","ui",NA,"success"
26.21,15.81,82,1,72.8,5.22,"Gamma","db","crítica","rolled_back"
12.54,19.2,83,4,56.3,6.24,"Beta","test","baja","rolled_back"
20.02,17.53,64,4,81.8,8.3,"Delta","auth","alta","failed"
181.48,7.47,88,2,50,2.23,"Delta","auth","crítica","rolled_back"
37.71,9.82,82,1,45.4,7.48,"Alpha","auth","alta","success"
21.46,15.54,81,4,60.6,7.81,"Alpha","ui","media","failed"
31.94,6.5,79,4,59.3,46.45,"Delta","test","media","failed"
53.78,21.21,82,0,69.5,2.62,"Beta","auth","crítica","failed"
40.99,22.76,94,3,66.1,43.54,"Gamma","ui","baja","failed"
28.59,36.02,77,5,59.4,7.48,"Gamma","db","media","success"
12.17,21.8,89,4,72.6,NA,"Delta","db","media","failed"
27.15,19.56,102,1,NA,7.09,"Gamma","api","alta","success"
74.07,14.13,101,3,83.5,14.57,"Beta","test","media","success"
35.58,30.3,88,3,74.3,4.86,"Beta","ui","media","success"
43.34,13.76,94,1,59.1,8.58,NA,"db","baja","success"
34.75,18.24,75,3,80.5,8.14,"Beta","auth",NA,"success"
50.27,7.3,86,6,70.3,2.75,"Gamma","infra","media","failed"
121.65,7.33,83,2,75,11.94,"Alpha","auth","baja","success"
48.09,17.62,96,3,72.7,6,"Gamma","infra","alta","rolled_back"
11.7,30.12,77,4,73,1.93,"Gamma","infra","crítica","rolled_back"
41.81,9.6,87,5,75.6,11.63,"Delta","db","media","rolled_back"
24.89,20.49,86,2,91.6,9.45,"Delta","api","media","success"
35.66,16.7,75,4,100,5.59,"Delta","api","media","success"
21.14,16.08,79,4,NA,14.39,"Gamma","db","alta","success"
79.46,17.54,92,2,61.4,15.84,"Delta","test","alta","failed"
32.89,17.34,73,0,66.2,1.38,"Gamma","api","alta","failed"
47.63,17.82,83,5,69.7,11.48,"Gamma","ui","baja","success"
24.34,80.94,86,3,50,23,"Alpha","auth","alta","rolled_back"
184.99,143.39,78,1,58.3,13.8,"Alpha","db","media","success"
30.06,30.18,89,5,77.4,8.93,"Gamma","api","baja","success"
45.31,25.87,89,2,70.4,3.93,"Beta","api","alta","rolled_back"
26.28,16.39,86,0,NA,5.2,"Beta","api","baja","failed"
23.21,14.17,85,4,83.4,8.81,"Alpha","ui","crítica","failed"
34.43,8.91,80,3,91.6,12.63,"Alpha","api","baja","failed"
79.3,12.59,72,2,60.6,4.83,"Alpha","auth","alta","success"
98.75,4.3,88,5,32.1,6.94,"Alpha","auth","media","success"
29.4,17.79,78,2,54.5,7.81,"Beta","auth","media","success"
33.63,14.93,90,4,69.5,19.39,"Delta","ui","media","failed"
74.48,9.58,93,1,47.8,18.27,"Delta","api","alta","success"
96.94,11.5,72,2,58.5,2.23,"Beta","infra","alta","rolled_back"
25.35,63.34,101,3,52.2,4.51,"Delta","db","crítica","success"
29.62,11.84,84,2,67.1,24.04,"Alpha","ui","baja","success"
75.62,3.98,93,5,84.6,2.99,"Gamma","api","crítica","success"
43.07,18.74,77,3,76.1,2.46,"Alpha","db","baja","failed"
17.75,15.72,88,5,68.1,3.79,"Alpha","ui","crítica","rolled_back"
57.31,6.97,76,4,70.4,10.33,"Beta","api","alta",NA
4.76,12.95,86,1,66.6,18.55,"Delta","ui","alta","failed"
63.04,12.49,99,4,92.5,5,"Alpha","api","baja","success"
46.45,10.59,77,3,68.7,8.08,"Beta","ui","alta","failed"
47.74,18.08,98,2,45.7,9.16,"Delta","db","baja","success"
51.14,19.38,77,3,68.8,5.25,"Beta","api","baja","success"
25.88,21.87,88,1,81.4,5.89,"Delta","api","media","success"
31.28,28.8,NA,2,62.6,2.59,"Gamma","ui","baja","success"
17.72,14.04,103,4,79,2.98,"Beta","test","media","rolled_back"
12.69,12.83,74,4,80.3,12.14,"Alpha","test","baja","failed"
51.25,12.42,93,4,66.9,19.96,"Alpha","ui","alta","success"
15.79,14.21,94,4,72.4,18.99,"Gamma","auth","media","success"
84.97,28.04,76,4,44.8,23.2,"Gamma","infra","baja","success"
76.98,31.13,72,5,82.8,31.47,"Gamma","auth","media","success"
27.53,15.62,69,4,82.1,6.25,"Delta","auth","media","failed"
37.34,43.56,91,5,76.4,1.53,"Beta","api","alta","success"
94.52,18.38,63,3,97.3,6.3,"Gamma","infra","media","success"
35.53,16.01,87,3,98.1,13.08,"Beta","infra","media","success"
51.28,20.35,85,5,63.3,1.49,"Alpha","test","crítica","failed"
54.73,27.97,80,2,87,6.83,"Alpha","test","alta","success"
86.74,13.08,99,1,85,23.07,"Delta","ui","media","rolled_back"
26.45,28.19,87,1,96.4,5.73,"Beta","infra","media","failed"
35.66,13.93,86,4,89,13.18,"Alpha","db","alta","success"
23.52,45.67,72,4,79.5,7.67,"Beta","db","media","failed"
12.56,42.43,81,3,57,4.52,"Beta","ui","media","success"
7.03,9.38,83,4,88.4,2.89,"Alpha","infra","media","success"
19.36,17.29,102,1,75.6,4.36,"Alpha","infra","media","success"
34.53,4.77,75,3,83.4,3.5,"Delta","auth","media","success"
NA,20.11,91,1,65.3,10.38,"Beta","test","crítica","success"
32.25,42.99,80,3,81.5,8.37,"Beta","ui","baja","failed"
37.28,23.5,83,4,75.9,3.91,"Beta","db","crítica","rolled_back"
68.93,10.17,80,3,NA,14.32,"Delta","auth","media","success"
9.25,7.24,86,1,87.1,14.12,"Alpha","api","baja","success"
151.39,7.74,75,2,68.5,7.93,"Beta","auth","media","success"
35.92,10.06,102,4,83.4,12.31,"Gamma","api","media","success"
65.45,20.43,NA,5,87,6.69,"Alpha","infra","baja","success"
9.46,20.97,64,0,57.2,16.07,"Alpha","api","baja","rolled_back"
98.47,22.41,78,3,58.6,13.63,"Gamma","infra","crítica","success"
35.43,72.36,90,2,100,7.73,"Gamma","test","media","rolled_back"
23.29,19.24,77,6,92.6,7.66,"Beta","api","media","success"
21.6,28.72,88,7,93.9,19.44,"Gamma","api","baja","success"
30.93,13.19,90,4,61.7,3.37,"Alpha","api","alta","rolled_back"
18.66,13.03,83,2,70.1,7.4,"Alpha","auth","crítica","success"
20.92,39.45,65,9,90.3,7.88,"Alpha","api","baja","success"
9.33,16.96,96,3,57.5,6.1,"Alpha","auth","baja","success"
27.77,33.74,88,2,73,12.47,"Gamma","ui","alta","success"
16.81,17.01,89,3,83.3,3.3,"Beta","auth","crítica","success"
14.21,15.21,93,2,78.4,1.71,"Gamma","db","alta","failed"
19.87,18.64,86,3,73.4,5.04,"Beta","auth","alta","failed"
57.73,50.08,101,9,75.4,4.76,"Alpha","api","crítica","rolled_back"
20.93,10.66,68,4,46,35.77,"Alpha","auth","alta","success"
103.4,17.28,90,5,51.2,1.54,"Gamma","ui","media","failed"
NA,13.56,86,6,55.6,1.94,"Beta","infra","alta","success"
11.08,41.38,84,6,89,16.37,"Gamma","infra","media","success"
22.16,17.42,87,1,65.3,3.84,"Beta","db","baja","success"
31,11.37,89,1,75.6,49.44,"Beta","infra","media","success"
19.8,11.75,81,5,77.1,4.89,"Gamma","api","alta","failed"
85.57,10.42,74,2,69,2.51,"Gamma","auth","baja","success"
36.89,8.76,88,4,86.2,10.53,"Gamma","db","alta","failed"
18.54,23.44,90,2,80.3,15.63,"Gamma","db","alta","failed"
23.14,19.55,78,3,80.4,6.03,"Alpha","test","alta","success"
15.48,11.66,85,3,81.6,6.45,"Beta","ui","crítica","failed"
23.63,12.7,74,4,86.3,11.72,"Alpha","ui","media","success"
71.03,16.42,89,6,85.2,10.67,"Beta","test","alta","rolled_back"
16.97,9.38,72,5,83.5,2.62,"Delta","auth","crítica","failed"
50.98,21.51,75,7,77,5.86,"Alpha","db","alta","success"
27.72,6.54,78,3,54.9,7.52,"Beta","auth","baja","success"
10.46,NA,59,1,93.9,4.88,"Delta","infra","alta","success"
19.11,20.74,96,4,65.1,10.23,"Beta","infra","media","success"
10.36,7.7,91,3,62.7,6.09,"Beta","db","crítica","rolled_back"
124.26,10.23,80,1,50.2,20.41,"Delta","db","media","success"
39.45,20.41,78,2,88,NA,"Alpha","db","media","success"
36.6,37.61,87,4,70.1,7.81,"Alpha","auth","crítica","success"
33.45,18.15,84,3,56.4,9.18,"Delta","db","baja","rolled_back"
39.24,32.8,60,3,83.2,5.1,"Gamma","db","crítica","success"
27,7.84,85,5,78.2,2.7,"Alpha","db","media","success"
25.13,25.16,75,3,66.4,51.68,"Alpha","test","media","failed"
17.81,18.87,85,5,41.7,5.43,"Gamma","auth","baja","success"
29.23,16.83,73,2,76.7,3.39,"Gama","auth","media","success"
30.82,17.68,95,0,100,12.63,"Alpha","test","media","success"
16.92,30.17,93,3,74.9,10.88,"Alpha","test","media","failed"
36.65,23.32,83,2,35.4,7.15,"Gamma","auth","media","rolled_back"
13.07,26.25,81,3,62.2,19.52,"Alpha","db","alta","success"
39.27,10.14,83,4,66.8,27.13,"Delta","api","baja","success"
31.63,17.09,102,3,61.2,3.4,"Alpha","infra","baja","rolled_back"
62.53,15.97,74,1,63.3,4.37,"Delta","test","media","success"
33.25,50.18,93,4,80.6,9.71,"Gamma","test","media","success"
48.05,4.22,91,4,87.6,5.64,"Gamma","auth","media","failed"
90.76,7.07,78,3,69,4.33,"Beta","auth","baja","failed"
41.61,17.44,78,1,92,6.76,"Beta","ui","media","failed"
60.63,43.11,72,2,45,22.08,"Delta","db","media","failed"
NA,34.72,72,2,64.9,14.92,"Gamma","db","baja","failed"
22.65,44.27,64,0,70.2,6.63,"Gamma","infra","baja","success"
27.09,18.13,76,4,69.2,3.51,"Beta","ui","media","success"
17.25,37.45,101,2,61.9,19.22,"Alpha","auth","media","rolled_back"
37.46,35.7,79,3,64.3,12.8,"Beta","infra","alta","success"
39.48,26.98,93,1,48,50.54,"Beta","auth","media","failed"
16.44,13.59,77,1,77,15.45,"Delta","auth","alta","success"
31.91,12,85,4,53.6,9.83,"Gamma","db","media","failed"
43.77,58.17,86,2,NA,0.59,"Gamma","auth","media","success"
21.92,8.9,83,2,78.9,14.12,"Alpha","test","media","success"
15.89,32.61,88,1,78.1,4.72,"Delta","db","baja","success"
35.82,30.04,97,2,63,3.88,"Alpha","ui","crítica","success"
12.8,13.33,74,0,100,9.33,"Alpha","api","crítica","success"
78.85,37.61,86,3,53.5,27.39,"Beta","infra","media","success"
30.32,19.65,90,8,80.6,10.19,"Gamma","api ","alta","rolled_back"
16.26,15.22,74,3,73.4,5.9,"Delta","auth","media","failed"
24.12,19.31,78,1,68.7,7.29,"Beta","db","alta","success"
55.61,24.79,100,2,76.7,0.85,"Alpha","db","media","success"
26.98,29.74,81,3,63.9,9.46,"Gamma","db","alta","failed"
30.96,20.21,83,5,61.2,6.42,"Alpha","api","baja","failed"
50.5,12.33,81,3,75.3,1.69,"Delta","db","media","success"
63.6,12.39,79,0,74.1,11.29,"Beta","api","alta","success"
24.85,13.02,89,2,73.3,8.23,"Delta","ui","media","success"
47.56,17.79,99,3,61.7,19.96,"Delta","ui","baja","failed"
32.22,11.53,90,3,40.3,12.07,"Beta","api","media","success"
38.7,19.58,80,2,66.9,8.71,"Alpha","db",NA,"success"
41.13,16.23,82,3,63.2,7.43,"Gamma","test","baja","failed"
46.46,18.91,86,3,98.7,9.01,"Alpha","infra","alta","success"
38.34,7.25,96,6,94,9.22,"Gamma","auth","media","success"
25.34,27.94,95,2,99,6.16,"Delta","test","alta","failed"
41.91,16.89,87,4,49.6,3.41,"Delta","ui","media","success"
37.8,7.77,75,5,82.5,1.6,"Beta","api","alta","success"
43.98,17.35,84,6,50.6,2.73,"Alpha","auth","media","failed"
26.84,14.99,71,6,79.3,20.09,"Alpha","ui","crítica","success"
40.71,19.49,83,1,94.2,6.55,"Delta","test","baja","success"
26.62,9.79,87,5,59.7,7.59,"Beta","db","media","success"
38.55,15.94,89,3,39.6,26.87,"Gamma","infra","media","success"
18.2,14.45,85,3,70,3.16,"Alpha","auth","baja","rolled_back"
124.78,4.48,80,1,66.8,20.62,"Alpha","auth","alta","success"
36.82,24.48,92,2,65.5,13.56,"Beta","test","baja","success"
30.75,11.94,96,0,91.9,3.51,"Beta","db","media","success"
13.81,14.77,72,1,75.4,5.76,"Beta","api","crítica","success"
31.2,5.85,81,2,94.7,8.56,"Alpha","ui","crítica","success"
38.5,21.6,76,3,47.5,15.58,"Gamma","auth","baja","success"
40.24,10,78,1,32.4,8.74,"Gamma","ui","media","success"
31.2,NA,98,2,85.5,5.08,"Beta","infra","media","failed"
30.29,24.44,83,0,58,14.02,"Beta","infra","alta","failed"
44.18,35.93,69,2,49.4,9,"Gamma","auth","media","failed"
60.9,8.26,95,4,74.3,15.35,"Gamma","ui","media","success"
21.14,24.7,94,6,83.2,10.56,"Gamma","api","media","success"
28.68,26.42,78,4,63.2,16.15,"Delta","db","alta","rolled_back"
16.52,104.18,101,5,89.7,6.4,"Gamma","ui","media","success"
23.69,5.58,73,3,100,10.09,"Delta","test","media","success"
14.63,3.85,79,2,92,6.19,"Alpha","db","media","success"
20.82,32.39,77,1,66.5,13.34,"Beta","api","crítica","success"
69.45,10.3,89,6,100,1.73,"Beta","db","baja","success"
61.73,4.55,80,3,63.3,3.3,"Alpha","ui","crítica","success"
23.34,7.65,73,1,89.6,7.82,"Alpha","api","alta","success"
38.73,18.23,87,6,75.9,20.55,"Delta","auth","crítica","success"
38.76,26.93,79,3,65.2,20.72,"Alpha","ui","baja","success"
144.72,33.57,81,1,93.4,11.88,"Beta","ui","media","success"
13.78,8.75,92,2,70.8,30.64,"Beta","db","media","rolled_back"
26.9,82.89,93,4,58.2,1.22,"Beta","db","crítica","failed"
39.3,17.54,95,5,63.1,12.16,"Gamma","infra","crítica","success"
19.17,NA,77,5,NA,10.04,"Delta","db","alta","success"
32.32,10.26,94,6,36.8,11.47,"Delta","infra","media","rolled_back"
16.79,25.6,89,1,50.9,11.49,"Beta","api","alta","rolled_back"
29.14,35.39,90,4,73.9,6.95,"Delta","ui","alta","success"
66.01,4.68,79,7,77.7,6.3,"Gamma","api","media","success"
33,15.27,96,4,96.9,24.18,"Alpha","auth","media","failed"
34.83,25.67,81,4,74.2,50.71,"Delta","auth","media","rolled_back"
31.13,12.17,83,5,80.2,4.08,"Beta","auth","media","success"
NA,16.75,96,4,89.4,5.4,"Gamma","api","alta","success"
6.6,12.84,85,4,62,20.79,"Beta","api","alta","failed"
41.98,26.48,83,2,67.4,5.84,"Alpha","api","baja","rolled_back"
16.98,5.51,86,3,66.3,2.28,"Alpha","test","baja","success"
5.16,16.88,95,3,NA,11.78,"Delta","auth","alta","success"
28.99,28.5,83,2,90.9,4.17,"Delta","api","crítica","success"
15.6,14.27,84,1,64,6.46,"Delta","db","baja","success"
33.47,11.11,82,3,86.2,1.9,"Gamma","ui","alta","success"
26.02,22.08,90,3,83.6,22.63,"Delta","api","baja","success"
35.59,36.35,72,4,66.7,4.41,"Beta","auth","alta","failed"
66.29,6.77,90,5,50.5,39.46,"Beta","test","alta","failed"
16.39,9.22,104,4,79.5,1.01,"Beta","db","media","rolled_back"
53.57,22.25,74,3,77.9,9.68,"Alpha","auth","media","success"
30.17,33.18,81,5,99.8,14.67,"Alpha","auth","baja","success"
21.29,16.21,80,2,53.1,3.16,"Delta","api","media","success"
20.87,50.74,91,3,69.5,8.57,"Delta","db","media","success"
22.97,36,NA,2,46.3,4.47,"Alpha","test","media","success"
21.35,11.96,74,4,75.2,23.94,"Alpha","infra","baja","failed"
13.2,18.75,78,3,58.6,7.13,"Beta","ui","media","failed"
21.96,10.6,93,4,76.1,34.35,"Alpha","auth","media","success"
46.05,28.02,76,5,70.6,11.32,"Beta","auth","media","success"
26.07,31.42,79,5,58.1,19.5,"Gamma","api","alta","success"
19.42,43.68,82,2,NA,54.13,"Gamma","api","crítica","success"
45.41,23.26,85,4,66.9,4.16,"Alpha","auth","baja","failed"
17.55,19.8,86,1,73.9,5.29,"Delta","ui","baja","success"
20.13,37.68,93,5,81.2,15.34,"Alpha","infra","baja","success"
39.37,23.86,67,1,81.6,4.13,"Gamma","infra","baja","success"
23.03,18.2,98,0,79.5,5.31,"Alpha","db","media","rolled_back"
35.14,5.12,97,0,100,9.91,"Alpha","api","media","failed"
14.95,52.75,92,2,82.3,3.92,"Delta","test","alta","rolled_back"
NA,9.02,94,5,NA,28.15,"Delta","api","media","success"
65.86,14.84,86,3,NA,7.93,"Beta","infra","media","success"
30.08,13.49,87,5,54.8,6.56,"Beta","auth","baja","success"
59,4.96,77,0,69.8,2.78,"Gamma","db","media","success"
16.01,22.12,76,3,47.5,8.26,"Alpha","api","alta","success"
16.83,97.98,98,2,75.3,3.01,"Beta","api","media","success"
31.42,29.04,83,1,67.3,8.6,"Beta","auth","crítica","success"
61.03,14.63,92,1,54.7,16.11,"Alpha","test","alta","success"
18.03,26.39,88,2,68.2,9.7,"Alpha","api","baja","success"
22.37,8.11,89,2,84.9,5.64,"Gamma","test","alta","success"
58.75,25.21,69,1,66.4,3.33,"Alpha","auth","alta","success"
46.82,17.57,92,6,84.9,5.84,"Gamma","auth","crítica","failed"
28.69,12.93,86,3,61.5,9.93,"Gamma","auth","media","success"
30.5,29.11,77,6,61.1,10.63,"Alpha","infra","baja","failed"
55.25,10.3,113,4,51.4,6.15,"Delta","auth","baja","failed"
118.81,68.9,77,5,88.9,1.47,"Beta","db","alta","failed"
35.32,6.71,68,2,41.2,10.61,"Gamma","auth","media","success"
47.6,10.45,87,2,68.1,18.21,"Alpha","test","media","rolled_back"
36.58,33.94,96,1,75.7,3.08,"Alpha","db","media","rolled_back"
46.9,12.66,106,7,83.8,4.94,"Delta","infra","baja","success"
49.71,15.12,87,4,86,2.56,"Beta","test","media","success"
35.84,46.08,90,2,89,22.59,"Alpha","db","alta","success"
43.23,30.77,94,2,67.5,4.17,"Delta","auth","alta","rolled_back"
47.71,33.84,90,3,66.3,16.53,"Alpha","db","alta","success"
85.21,6.06,74,2,40.2,11.06,"Beta","db","media","success"
73.78,13.91,70,0,62.5,61.98,"Alpha","ui","crítica","success"
10.29,12.28,63,8,86.8,2.66,"Alpha","ui","baja","rolled_back"
21.84,5.42,60,2,49,10.43,"Alpha","ui","media","success"
194.76,10.73,80,2,69.5,3.53,"Gamma","auth","media","rolled_back"
59.35,31.04,92,2,74,15.4,"Delta","test","baja","success"
9.05,14.77,84,2,86.5,15.36,"Gamma","api","media","success"
41.24,7.26,93,1,67.4,7.47,"Gamma","api","media","failed"
28.42,9.23,94,2,NA,19.29,"Alpha","api","media","success"
89.03,17.99,92,1,66.8,6.05,"Gamma","ui","baja","success"
21.96,26.29,92,4,71.3,15.11,"Delta","api","crítica","success"
24.93,26.34,78,1,64.8,4.32,"Gamma","infra","media","success"
98.93,25.18,94,2,84.4,3.89,"Gamma","test","crítica","rolled_back"
20.89,6.04,87,2,82.5,16.91,"Delta","db","alta","success"
22.7,22.24,80,2,75.1,12.4,"Beta","test","media","failed"
15.32,38.14,95,3,69,NA,"Alpha","infra","alta","success"
17.35,66.32,90,1,56.3,14.79,"Alpha","test","media","rolled_back"
13.17,37.22,79,4,72.3,18.57,"Gamma","ui","media","success"
45.26,12.45,77,3,77.1,13.9,"Gamma","auth","alta","failed"
23.67,24.65,102,2,65.9,6.58,"Beta","db","alta","success"
68.29,NA,77,1,76.1,26.39,"Alpha","api","alta","success"
NA,14.94,82,2,79.6,14.55,"Gamma","api","alta","failed"
34.1,21.86,79,4,79.7,21.29,"Alpha","auth","media","success"
19.86,18.8,93,0,78.4,4.38,"Alpha","db","baja","success"
45.64,21.71,86,5,89.3,8.79,"Beta","ui","media","success"
100.18,14.51,91,5,73.2,11.04,"Beta","api","media","success"
40.14,24.94,86,3,86.4,8.76,"Gamma","infra","alta","success"
57.8,17.77,87,3,100,19.91,"Gamma","api","alta","success"
32.11,19.21,101,3,91,15.96,"Alpha","test","alta","failed"
33.15,34.62,91,4,87.8,24.06,"Alpha","test","crítica","success"
18.86,9.51,101,3,85.4,14.39,"Delta","api","media","failed"
16.96,12.57,79,2,62.6,18.2,"Alpha","infra","baja","success"
10.87,23.21,75,1,63.3,NA,"Gamma","infra","alta","failed"
17.37,17.58,70,5,74.6,9.64,"Beta","ui","baja","failed"
51.1,24.46,100,2,100,8.38,"Delta","auth","media","success"
47.72,22.08,68,5,79,10.02,"Alpha","test","alta","failed"
38.06,9.46,NA,0,68.7,7.74,"Gamma","api","baja","success"
37.15,6.46,69,0,63.1,3.64,"Alpha","infra","crítica","failed"
35.03,49.83,92,4,66.7,29.2,"Beta","api","media","success"
18.58,11.75,86,2,78.3,1.41,"Alpha","db","crítica","success"
21.46,28.5,68,2,58.7,30.88,"Delta","auth","alta","rolled_back"
50.54,9.76,85,7,76.8,6.6,"Gamma","db","media","success"
26.56,15.94,92,4,79.9,13.49,"Beta","api","media","success"
38.74,48.92,80,1,93.3,3.19,"Gamma","api","media","success"
23.21,13.18,97,4,64.1,16.56,"Delta","auth","media","success"
11.87,18.67,76,1,48.6,13.79,"Gamma","infra","media","success"
69.49,13.95,86,3,96.6,9.28,"Gamma","api","alta","success"
30.9,19.21,86,3,83.7,4.91,"Delta","db","media","success"
27.52,4.51,NA,2,94.8,31.99,"Delta","api","crítica","success"
44.46,8.4,86,2,94,NA,"Gamma","api","baja","success"
145.06,7.04,88,6,58.4,47.44,"Beta","db","media","failed"
NA,9.42,87,2,58.2,9.69,"Gamma","api","alta","success"
89.46,16.08,87,3,70.3,3.42,"Beta","ui","alta","failed"
60.34,12.66,93,1,82.6,3.88,"Delta","test","alta","failed"
23.21,29.3,99,4,33.7,2.69,"Gamma","ui","baja","success"
51.79,24.87,100,2,69.2,4.91,"Alpha","auth","media","rolled_back"
37.14,11.23,89,3,48,3.6,"Beta","ui","media","failed"
59.64,27.07,58,3,100,8.89,"Alpha","ui","media","failed"
52.73,9.75,97,2,89.7,19.81,"Gamma","auth","alta","success"
25.29,32.83,81,1,72.5,7.35,"Gamma","infra","alta","failed"
11.64,5.66,86,1,84.7,6.67,"Beta","ui","baja","success"
44.87,24.26,87,4,52,12.94,"Gamma","ui","media","success"
39.45,11.62,NA,5,50.7,5.47,"Gamma","test","alta","success"
22.37,13.74,94,3,59.1,3.64,"Gamma","ui","alta","failed"
49.97,16.72,83,4,65.5,6.9,"Alpha","api","crítica","success"
NA,10.22,87,3,84.5,11.93,"Beta","test","alta","rolled_back"
99.93,15.6,93,2,63.8,6.82,"Beta","auth","crítica","success"
36.79,40.4,81,5,72.5,2.02,"Gamma","infra","crítica","success"
25.05,5.57,81,3,72.5,4,"Beta","test","media","success"
81.7,31.39,NA,1,66.8,3.94,"Beta","db","media","rolled_back"
6.87,36.56,87,1,86.6,2.39,"Gamma","auth","media","success"
29.39,8.6,78,3,NA,15.43,"Alpha","auth","media","success"
59.94,19.41,94,2,56.9,19.21,"Gamma","auth","alta","rolled_back"
34,17.12,79,3,92.8,48.55,"Delta","ui","media","success"
33.47,18.7,82,5,84.8,17.02,"Gamma","db","media","rolled_back"
51.66,15.21,106,3,95.7,4.76,"Gamma","api","alta","failed"
13.4,10.08,76,3,63.3,11.31,"Delta","api","alta","success"
23.73,9.31,74,5,58.6,4.38,"Alpha","db","media","success"
24.59,26.82,92,1,46.1,3.44,"Alpha","ui","crítica","success"
25.7,14.71,94,1,100,39.94,"Alpha","ui","baja","success"
63.45,16.3,80,1,56.8,11.64,"Alpha","db","baja","success"
22.99,7.04,82,3,92.5,9.69,"Gamma","infra","crítica","success"
29.18,5.85,65,1,77,6.08,"Beta","test","crítica","success"
19,42.11,80,3,62.9,8.31,"Gamma","ui","baja","rolled_back"
10.51,21.1,91,3,87.2,5.07,"Beta","db","baja","failed"
119.3,18.42,79,3,NA,12.33,"Alpha","api","baja","success"
51.04,8.05,85,5,44,1.37,"Beta","ui","media","success"
27.09,20.74,79,3,71.3,76.4,"Alpha","test","alta","success"
45.89,6.46,78,2,83,9.86,"Gamma","db","baja","success"
34.2,30.27,94,6,69.8,4.94,NA,"auth","media","success"
24.87,8.48,69,3,72.6,2.09,"Beta","api","media","success"
17.34,14.45,88,2,74.7,4.68,"Gamma","api","media","success"
24.23,43.61,94,7,65.8,23.75,NA,"api","media","failed"
11.87,9.49,77,3,100,5.28,"Alpha","api","media","success"
10.21,20.43,88,3,96.2,6.13,"Alpha","api","media","rolled_back"
10.34,7.82,81,7,93.7,2.66,NA,"ui","media","failed"
18.42,50.71,87,5,58.6,10.77,"Gamma","ui","crítica","rolled_back"
30.47,14.3,90,5,75,26.35,"Alpha","ui","baja","success"
15.98,NA,93,2,86.4,4.49,"Beta","test","media","success"
65.19,11.42,67,3,100,51.51,"Gamma","ui","media","success"
21.93,26.17,92,4,78.5,4.85,"Alpha","ui","alta","rolled_back"
19.38,10.55,87,1,90.6,6.81,"Gamma","ui","baja","rolled_back"
36.16,17.86,96,6,89.6,2.96,"Gamma","db","crítica","success"
31.36,18.58,81,4,83.6,18.11,"Beta","test","alta","rolled_back"
15.47,55.16,82,2,74.3,11.01,"Alpha","test","baja","success"
73.29,11.7,85,2,79.7,3.11,"Gamma","api","alta","success"
34.18,14.7,88,4,84.2,7.08,"Delta","infra","media","success"
70.22,13.1,87,3,68.5,11.05,"Beta","api","alta","failed"
49.23,12.12,71,8,50,8.87,"Alpha","test","media","rolled_back"
59.32,14.34,80,3,66.6,3.58,"Beta","test","alta","failed"
15.34,5.18,76,4,69.8,2.91,"Gamma","test","alta","rolled_back"
20,8.64,97,4,57.4,20.98,"Alpha","api","baja","success"
26.96,19.98,90,3,51,6.41,"Delta",NA,"baja","success"
11.65,5.67,85,3,56.2,5.71,"Beta","auth","alta","success"
46.2,6.64,97,2,69.1,NA,"Alpha","api","alta","success"
41.63,33.53,71,2,45.1,5.27,"Gamma","ui","alta","failed"
33.45,15.27,96,3,77.3,2.09,"Gamma","api","alta","rolled_back"
11,36.53,85,4,71,10.8,"Alpha","ui","media","success"
23.52,9.52,80,2,92.7,10.86,"Alpha","ui","baja","failed"
49.72,10.83,76,5,52.8,8.17,"Beta","auth","crítica","failed"
21.6,19.44,88,5,70.7,26.34,"Delta","db","media","success"
31.16,17.46,76,3,77,3.8,"Alpha","api","media","failed"
36.22,46.38,81,0,83,5.89,"Delta","ui","baja","rolled_back"
74.4,19.88,74,3,87.3,8.4,"Alpha","ui","media","success"
33.67,9.8,92,9,83.9,18.35,"Delta","api","baja","success"
25.42,9.36,NA,2,56,8.7,"Delta","db","baja","rolled_back"
43.28,24.62,75,4,82.7,3.08,"Alpha","auth","media","failed"
17.23,12.99,85,1,60.1,24.52,"Delta","api","crítica","success"
5.16,85.27,86,1,88.2,2.5,"Delta","auth","media","success"
31.56,12.11,83,3,84.4,15.33,"Beta","ui","baja","failed"
18.65,23.64,82,3,74.8,17.93,"Alpha","db","crítica","success"
18.99,20.02,91,2,65.4,19.33,"Gamma","ui","alta","failed"
87.99,14.44,106,6,57.3,13.76,"Gamma","api","crítica","failed"
49.1,17.66,74,3,NA,5.28,"Alpha","db","baja","success"
61.19,10.4,74,1,100,9.5,"Delta","infra","alta","rolled_back"
100.37,18.08,73,0,83,2.24,"Delta","infra","media","success"
16.27,26.83,79,1,73.4,12.82,"Alpha","api","media","success"
32.3,26,95,2,46.7,2.41,"Delta","infra","media","success"
68.56,13.48,87,3,71.8,3.82,"Beta","test","baja","success"
41.67,47.66,73,5,58.6,12.54,"Beta","db","alta","failed"
23.36,12.81,72,2,69.6,2.41,"Gamma","ui","alta","rolled_back"
31.63,47.23,87,1,71.9,8.46,"Beta","infra","media","success"
14.1,26.97,75,2,NA,1.77,"Beta","api","crítica","success"
63.46,42.95,92,6,39.4,6.46,"Gamma","auth","media","success"
58.9,25,81,4,91.7,9.16,"Alpha","db","alta","success"
20.17,9.09,84,3,74.4,4.48,"Beta","auth","media","success"
92.05,12.67,99,1,72,35.69,"Delta","api","media","success"
82.4,19.45,70,0,76.4,9.37,"Beta","test","media","success"
11.72,22.62,84,3,14.3,12.67,"Gamma","db","alta","success"
111.25,11.24,97,6,68.9,13.62,"Alpha","ui","alta","failed"
27.51,15.78,92,2,65,8.21,"Beta","db","media","success"
86.98,8.03,80,4,65.5,3.43,"Alpha","test","media","rolled_back"
9.85,15.89,88,8,85,4.66,"Alpha","ui","media","success"
33.23,42.88,97,6,73.9,5.5,"Alpha","auth","media","success"
36.29,15.12,90,1,46.6,5.93,"Delta","auth","alta","success"
25.66,21.31,92,3,57.6,1.08,"Beta","db","media","success"
46.12,19.4,69,4,88.6,3.6,"Alpha","api","media","success"
17.48,8.2,106,2,67.9,8.2,"Gamma","ui","crítica","rolled_back"
26.56,17.83,75,7,63.8,4.93,"Beta","test","baja","success"
15.98,11.93,78,4,70,37.64,"Gamma","ui","alta","rolled_back"
36.87,15.2,81,4,63.1,8.32,NA,"db","baja","rolled_back"
28.87,12.16,85,6,66,9.66,"Beta","api","media","success"
31.64,48.74,76,5,83,16.89,"Beta","api","baja","failed"
54.22,40.12,84,2,76.4,12.54,"Beta","db","alta","success"
23.44,19.21,78,4,70,5.4,"Alpha","auth","crítica","success"
26.63,24.49,80,2,69.5,10.99,"Delta","ui","alta","success"
32.32,9.86,92,3,58.6,14.69,"Alpha","db","media","success"
28.03,15.21,83,3,64.7,7.03,"Beta","api","crítica","success"
60.9,17.27,103,3,90.9,9.33,"Beta","infra","baja","failed"
65.45,21.18,72,1,74,14.39,"Beta","api","media","success"
129.41,6.07,90,1,51.6,6.17,"Gamma","api","baja","failed"
26.38,26.5,82,5,87,2.43,"Delta","test","media","success"
109.54,5.69,80,1,90.2,3.24,"Alpha","db","crítica","failed"
37.4,20.98,88,1,75.2,3.8,"Delta","api","baja","failed"
8.24,14.97,75,2,71.6,5.15,"Alpha","api","alta","success"
12,9.07,75,2,65.9,1.97,"Alpha","db","crítica","success"
14.37,12.67,96,2,74.3,4.48,"Gamma","db","alta","failed"
14.71,12.29,88,4,64.7,6.77,"Beta","api","media","success"
38.62,33.84,103,4,79.4,7.89,"Beta","db","alta","failed"
104.14,31.41,93,2,81.7,8.28,"Delta","auth","media","success"
39.78,43.25,77,1,70.9,2.42,"Alpha","test","alta","rolled_back"
25.69,13.11,95,3,71.4,17.04,"Beta","infra","alta","success"
19.56,20.12,98,6,50.6,5.4,"Gamma","api","media","success"
90.35,8.97,70,4,84.7,9.91,"Beta","ui","crítica","success"
22.27,47.78,80,NA,58.2,6.18,"Beta","api","baja","success"
57.84,12.81,92,0,79.1,2.08,"Beta","db","alta","success"
14.01,38.62,83,5,67.6,2.54,"Alpha","db","media","success"
22.37,12.17,84,3,67.3,7.76,"Gamma","api","baja","success"
11.97,16.7,97,4,86.9,17.81,"Gamma","api","alta","success"
21.92,20.58,92,4,78.3,4.42,"Gamma","test","alta","success"
73.69,16.36,76,3,68.4,11.41,"Gamma","api","baja","rolled_back"
25.78,16.36,74,1,84.6,20.92,"Gamma","auth","media","rolled_back"
52.04,15.52,88,3,57.4,41.33,"Gamma","auth","media","success"
9.69,14.02,95,1,71.5,19.88,"Beta","auth","crítica","success"
26.26,6.56,82,4,60.6,3.99,"Beta","api","baja","success"
31.77,10.62,85,4,88.7,4.61,"Alpha","auth","media","success"
20.64,25.24,84,4,45.4,3.43,"Alpha","db","media","success"
48.79,8.31,82,1,57.3,8.45,"Delta","auth","media","failed"
15.45,37.53,96,7,82.7,8.09,"Gamma","db","baja","success"
41.64,14.87,83,4,78.5,3.22,"Beta","ui","alta","success"
39.48,7.63,71,3,95.6,11.29,"Delta","ui","alta","success"
53.18,15.26,87,7,81,5.66,"Alpha","ui","media","success"
70.22,8.02,91,2,75.7,4.07,"Gamma","ui","baja","success"
64.77,39.2,87,5,70.8,11.41,"Gamma","api","baja","success"
77.55,24.43,87,0,NA,9.02,"Beta","ui","media","rolled_back"
40.5,17.59,105,1,81.4,10.82,"Gamma","api","media",NA
15.17,45.31,99,5,86.1,2.5,"Delta","auth","media","success"
66.4,10.64,93,4,67,1.8,"Alpha","test","media","success"
109.27,NA,93,0,87.3,10.85,"Delta","infra","baja","success"
44.08,14.51,96,4,86.9,13.8,"Gamma","api","media","success"
20.65,15.68,84,3,87.7,4.41,"Beta","ui","alta","success"
39.72,17.01,82,1,69.5,5.79,"Delta","ui","baja","success"
23.29,21.49,92,2,60.5,11.65,"Gamma","db","alta","rolled_back"
37.57,16.87,85,2,79.6,5.36,"Alpha","api","baja","failed"
39.06,33.15,91,2,98.1,11.77,"Alpha","api","media","success"
8.11,16.75,78,4,83,10.02,"Delta","ui","media","failed"
108.16,10.67,89,5,83.3,18.6,"Alpha","ui","alta","failed"
51.47,28.85,90,4,71.9,16.6,"Gamma","ui","media","rolled_back"
50.68,9.61,NA,9,68.1,5.19,"Alpha","auth","alta","failed"
23.39,37.76,94,1,69.2,4.32,"Beta","test","alta","rolled_back"
18.17,16.31,93,NA,77.9,8.92,"Gamma","auth","alta","success"
71.48,9.89,95,2,95.2,1.85,"Gamma","infra","media","success"
11.77,34.98,68,NA,100,2.86,"Beta","auth","baja","success"
75.33,12.9,83,1,72.7,5.52,"Alpha","api","media","failed"
8.61,21.48,84,3,81.5,53.05,"Gamma","auth","alta","success"
45.92,44.4,102,4,82.2,4.09,"Gamma","ui","crítica","rolled_back"
15.84,4.99,74,5,77.8,4.27,"Gamma","api","baja","failed"
17.57,25.11,84,2,72.8,7.4,"Beta","auth","baja","success"
18.02,15.66,77,0,85.1,4.35,"Beta","ui","baja","rolled_back"
38.52,6.58,97,2,93.4,21.94,"Delta","auth","baja","rolled_back"
85.05,14.8,92,5,94.1,3.17,"Beta","ui","alta","success"
39.1,3.92,76,1,53.5,18.54,"Alpha","api","media","failed"
74.64,14.01,95,3,32.2,8.67,"Delta","test","crítica","failed"
46.61,24.67,95,4,74.1,3.15,NA,"infra","media","success"
5.88,5.72,85,5,70.1,63.23,"Gamma","auth","media","success"
38.22,13.06,80,3,59.4,3.34,"Gamma","auth","media","success"
20.39,4.6,74,2,45.5,2.57,"Alpha","ui","baja","success"
71.68,13.51,86,2,49.2,1.64,"Alpha","api","crítica","success"
13.63,13.27,90,5,64.6,3.67,"Beta","auth","alta","success"
19.37,9.66,71,4,78.6,5.9,"Alpha","api","alta","success"
29.41,11.12,79,5,NA,35.82,"Delta","db","alta","success"
NA,19.54,92,5,78.4,2.29,"Alpha","test","media","failed"
27.65,18.38,95,4,84.6,5.26,"Gamma","api","alta","rolled_back"
69.38,11.83,81,3,94.6,4.24,"Alpha"," UI","crítica","success"
56.82,26.94,83,2,75.6,36.03,"Gamma","db","media","success"
52.29,20.85,78,1,90.7,13.94,"Beta","infra","baja","success"
6.15,8.39,82,3,90.7,8.63,"Beta","test","media","success"
28.37,12.97,99,5,93.5,6.85,"Alpha","auth","baja","failed"
34.85,11.66,95,6,69.9,6.11,"Gamma","auth","baja","success"
74.99,24.61,96,1,73.2,6.02,"Beta","ui","baja","success"
37.51,20.92,81,2,NA,9.78,"Beta","ui","crítica","success"
43.19,11.33,84,4,84.8,6.6,"Delta","ui","alta","success"
57.89,7.29,75,3,94.1,5.38,"Alpha","infra","media","success"
44.67,19.31,92,1,87.9,4.06,"Beta","infra","baja","success"
17.39,10.56,86,7,74.2,76.25,"Alpha","api","baja","failed"
NA,15.49,77,3,80.7,2.41,"Gamma","db","baja","success"
19.43,16.68,94,3,45,6.34,"Delta","db","alta","success"
9.7,26.76,80,2,62.4,19.01,"Beta","db","media","rolled_back"
11.97,23.2,84,2,75.9,4.58,"Delta","db","baja","rolled_back"
36.07,27.67,82,1,61.9,3.35,"Delta","api","baja","rolled_back"
35,14.26,94,3,84.2,13.49,"Delta","infra","baja","failed"
16.22,25.14,81,2,73.1,8.9,"Alpha","infra","alta","rolled_back"
41.4,10.46,80,0,72.2,8.47,"Alpha","api","media","failed"
20.25,6.91,73,5,79.5,2.47,"Alpha","infra","alta","success"
60.23,23.67,95,3,51.3,8.35,"Delta","test","media","failed"
16.08,21.03,89,0,91.9,5.92,"Beta","api","alta","success"
47.33,10.56,76,2,72.4,13.72,"Beta","ui","media","success"
17.46,13.09,89,1,56.2,4.94,"Alpha","infra","baja","success"
28.12,50.68,77,3,62,5.75,"Beta","db","crítica","rolled_back"
11.31,22.17,98,3,78.6,4.64,"Alpha","auth","alta","success"
18.28,48.6,71,6,89.3,3.47,"Beta","api","media","failed"
105.97,5.25,96,3,58.4,2.99,"Gamma","api",NA,"success"
23.29,19.48,99,5,79.5,8.79,"Gamma","auth","baja","failed"
16.6,20.01,81,5,67.1,9.08,"Gamma","ui","crítica","rolled_back"
26.88,9.7,87,4,74,6.52,"Delta","db","baja","failed"
78.5,13.45,76,1,61.1,4.98,"Gamma","infra","media","success"
49.06,6.22,88,9,66.6,3.63,"Beta","test","baja","rolled_back"
30.07,29.24,83,2,75,5.35,"Beta","db","media","failed"
153.97,38.42,70,4,64.2,44.35,"Alpha","api","alta","success"
34.77,21.95,92,2,64.5,4.41,"Delta","auth","baja","success"
55.19,31.41,89,3,60.9,17.89,"Delta","test","media","success"
15.11,15.07,89,4,89,28.05,"Beta",NA,"alta","rolled_back"
64.76,8.29,93,1,52.7,7.69,"Beta","infra","baja","failed"
34.03,13.5,72,4,44.4,28.62,"Alpha","auth","baja","failed"
32.66,5.73,79,1,70,13.49,"Gamma","test","media","success"
94.17,37.75,85,2,55.4,14.2,"Beta","ui","baja","success"
43.79,56.48,93,3,68.5,10.44,"Beta","ui","media","success"
71.12,17.24,97,4,78.4,9.84,"Gamma","db","media","failed"
44.3,24.75,101,4,94.1,22.48,"Beta","infra","media","success"
20.74,18.86,86,1,53.1,7.5,"Beta","api","alta","success"
12.28,25.96,84,3,75,4.89,"Gamma",NA,"crítica","failed"
39.9,12.53,75,4,48.1,7.56,"Delta","auth","media","rolled_back"
20.63,11.06,87,5,57.5,40.93,"Beta","auth","alta","failed"
40.84,19.18,91,0,90.8,5.97,"Beta","infra","alta","success"
41.23,10.42,77,5,76.1,30.07,"Gamma","ui","alta","success"
15.49,7.39,72,5,75.7,2.05,"Beta","api","alta","success"
25.83,21.31,71,3,84.4,12.25,"Delta","ui","baja","rolled_back"
17.26,10.59,91,4,78.2,11.6,"Gamma","api","baja","rolled_back"
127.6,38.71,70,3,77.7,9.28,"Beta","api","crítica","rolled_back"
65.03,9.23,80,3,65.5,0.77,"Beta","api","media","success"
NA,16,83,4,86.2,3.04,"Beta","api","baja","success"
85.62,22.96,89,2,64.6,3.44,"Beta","infra","alta","success"
56.42,14.21,82,0,80.3,9.4,"Beta","ui","baja","failed"
29.74,9.38,92,3,94.9,4.56,"Beta","api","alta","rolled_back"
26.61,10.68,67,2,83.1,7,"Beta","api","baja","success"
18.29,5.76,89,6,72.7,5.64,"Delta","api","baja","success"
44.9,35.62,95,3,57.6,3.12,"Gamma","ui","alta","success"
26.95,28.13,92,4,62,2.46,"Delta","api","media","rolled_back"
39.75,16,96,5,72.3,7.04,"Alpha","db","baja","rolled_back"
72.29,23.49,105,2,60.9,5.76,"Beta","api","baja","success"
72.85,16.96,86,4,89.2,4.44,"Alpha","api","baja","failed"
37.87,8.57,79,2,100,24.1,"Gamma","auth","baja","success"
33.23,13.31,84,3,88,1.5,"Gamma","api","baja","success"
94.22,25.49,NA,3,77.8,3.51,"Gamma","ui","crítica","failed"
21.04,12.93,82,0,65.5,9.9,"Beta","db","media","success"
8.38,10.07,76,6,34.4,11.9,"Delta","ui","media","success"
22.24,18.64,76,6,61.3,11.54,"Beta","auth","alta","success"
11.46,15.11,81,2,57.2,9.52,"Alpha","ui","media","success"
24,17.01,91,3,98,13.37,"Alpha","ui","alta","success"
36.34,23.33,95,2,NA,10.6,"Delta","test","alta","success"
77.63,35.39,84,1,78.9,20.83,"Delta","test","alta","rolled_back"
38,6.88,79,0,61.8,10.91,"Alpha"," UI","alta","failed"
43.38,23.6,101,5,91.1,65.89,"Alpha","auth","media","success"
72.72,11.86,86,6,NA,2.91,"Delta","db","alta","success"
20.2,19.38,85,2,84.1,23.66,"Delta","ui","baja","rolled_back"
70.71,18.92,92,3,69.7,21.22,"Gamma","db","baja","rolled_back"
34.77,14.2,87,2,54.3,10.12,"Alpha","ui","baja","success"
48.06,29.01,85,3,84.7,4.04,"Gamma","auth","crítica","success"
32.79,10.23,80,4,81.5,1.61,"Gamma","auth","baja","success"
20.01,7.14,95,4,48.5,4.17,"Beta","db","baja","success"
61.03,24.54,77,4,69,7.58,"Alpha","ui","crítica","success"
25.82,6.92,92,5,67.1,5.32,"Beta","api","crítica","success"
42.78,5.64,98,1,33.8,NA,"Beta","test","crítica","success"
32.27,5.79,82,0,63.3,14.03,"Alpha","api","crítica","success"
17.96,9.55,91,4,32.9,9.08,"Beta","test","crítica","success"
6.63,5.64,73,5,66.8,3.71,"Gamma","api","media","success"
23.85,19.2,83,1,NA,2.46,"Beta","db","alta","success"
37.89,24.57,78,2,77.7,5.66,"Beta","auth","alta","rolled_back"
26.78,13.23,84,1,91.8,9.27,"Beta","test","baja","success"
18.27,18.98,83,2,100,2.97,"Beta","db","alta","success"
11.13,NA,85,5,59.6,11.58,"Beta","api","media","success"
33.74,10.75,79,2,78.7,4.54,"Beta","db","alta","success"
34.82,15.84,91,3,50.4,15.95,"Delta","ui","crítica","failed"
82.94,6.08,94,1,86.9,19.6,"Gamma","auth","alta","success"
36.21,27.2,86,1,54.1,2.77,"Alpha","api","media","success"
NA,32.11,87,3,78.8,16.12,"Gamma",NA,"media","rolled_back"
33.67,25.15,97,1,64.6,8.51,"Alpha","api","alta","failed"
23.88,14.94,80,1,67.7,6.98,"Gamma","db","media","failed"
41.33,39.6,79,6,56.7,5.6,"Beta","api","media","rolled_back"
31.74,18.72,81,4,53.5,2.08,"Alpha","api","media","rolled_back"
31.1,45.48,82,4,78.5,3.34,"Delta","db","baja","failed"
NA,50.33,93,4,93.1,5.08,"Beta","api","media","failed"
25.91,10.08,84,3,82.2,4.14,"Beta","test","crítica","success"
11.15,12.39,88,3,59.8,7.34,"Alpha","db","baja","rolled_back"
24.16,17.24,91,3,44,2.77,"Beta","ui","alta","success"
62.94,21.55,78,3,43.5,5.96,"Gamma","api","crítica","success"
2.53,67.78,92,4,95.4,14.16,"Alpha","db","baja","success"
19.96,7.86,71,5,27.7,11.02,"Beta","api","media",NA
26.12,23.56,87,5,74.8,20.69,"Alpha","api","alta","success"
14.09,3.27,76,5,76.6,3.34,"Beta","infra","media","success"
12.62,32.14,90,2,70.7,6.61,"Gamma","api","media","rolled_back"
116.88,7.11,87,1,64.4,NA,"Delta","auth","alta","success"
54.69,8.56,81,6,80.2,12.03,"Beta","api","alta","success"
15.08,6.78,72,0,73.4,11.56,"Alpha","db","baja","success"
38.14,10.74,85,2,86.7,4.19,"Alpha","db",NA,"success"
22.9,9.33,96,3,42.4,12.16,"Alpha","auth","alta","failed"
16.15,23.44,79,3,59.8,4.51,"Gamma","ui","media","success"
47.46,19.01,79,3,54.9,32.3,"Gamma","db","alta","success"
54.22,21.62,75,3,72.8,18.14,"Alpha","db","media","rolled_back"
15.9,20.34,88,3,60.8,6.2,"Gamma","auth","media","rolled_back"
154.56,7.66,77,2,77.2,3.08,"Beta","api","baja","rolled_back"
15.43,25.15,77,6,43.9,7.95,"Alpha","ui","baja","rolled_back"
59.99,21.04,86,4,51.9,2.29,"Beta","ui","baja","success"
32.99,25.9,89,0,61.8,11.26,"Beta","auth","crítica","success"
24.62,14.51,88,3,76.3,15.73,"Alpha","auth","media","failed"
30.38,30.5,89,4,NA,3.7,"Gamma","ui","media","success"
88.36,15.09,96,3,72.5,5.89,"Beta","auth","baja","success"
80.03,22.03,86,3,49.4,4.97,"Beta",NA,"baja","success"
33.44,13.48,80,3,70.8,5.48,"Gamma","api","media","success"
64.08,74.52,89,3,59.3,16.02,NA,"db","crítica","success"
31.5,10.42,103,6,70.4,7.54,"Beta","test","alta","success"
64.43,22.67,73,6,58.1,4.16,"Alpha","db","baja","success"
30.24,9.75,78,1,72.4,2.32,"Delta","test","alta","success"
101.57,4.9,89,1,54.1,9.95,"Gamma","test","alta","failed"
9.35,13.63,93,1,77.4,19.93,"Beta","api","alta","failed"
84.86,32.83,88,4,78.9,1.5,"Beta",NA,"alta","failed"
38.24,15,76,2,78.2,2.65,"Delta","test","baja","rolled_back"
70.54,16.24,75,5,85,9.5,"Delta","db","baja","rolled_back"
119.29,13.35,88,-2,97.1,15.54,NA,"auth","baja","rolled_back"
71.16,13.74,70,9,68.1,11.23,"Beta","api","media","success"
146.19,16.07,85,1,99,29.54,"Beta","auth","media","success"
53.07,7.05,74,2,61.5,3.81,"Alpha","db","alta","rolled_back"
8.62,27.94,88,3,86.3,8.88,"Beta","db","alta","success"
22.63,14.06,87,2,73,76.63,"Beta","api","crítica","success"
70.15,4.14,84,2,81.2,9.43,"Delta","auth","media","success"
22.76,23.48,94,2,50.6,18.94,"Alpha","ui","alta","success"
44.28,31.62,76,7,NA,2.35,"Alpha","db","alta","success"
23.08,16.07,74,6,68.8,1.82,"Beta","infra","alta","success"
46.09,30.7,73,5,74.9,3.71,"Delta","infra","media","success"
33.07,14.64,97,4,74.5,9.98,"Gamma","auth","alta","success"
32.01,20.11,79,3,100,4.91,"Gamma","auth","media","rolled_back"
51.16,12.08,80,3,75.9,6.25,"Beta","infra","alta","failed"
93.28,13.64,77,6,58.9,10.35,"Alpha","infra","crítica","failed"
24.45,15.64,75,1,90.3,6.41,"Beta","ui","crítica","success"
14.35,9.21,84,4,75.4,1.01,"Beta","test","media","success"
74.35,7.71,72,1,96.4,6.77,"Alpha","ui","media","success"
12.38,6.31,76,2,74.3,12.46,"Delta","ui","alta","success"
41.88,10.12,74,5,88.3,12.58,"Gamma","api","alta","success"
57,9.01,85,4,52.5,8.5,"Beta","test","alta","success"
39.17,13.28,77,4,81.2,10.89,"Gamma","test","media","success"
122.23,17.37,90,5,94,10.35,"Beta","infra","media","success"
30.82,19.09,68,7,80.2,7.8,"Gamma","infra","alta","rolled_back"
74.55,18.41,85,1,69.9,NA,"Beta","auth","alta","success"
91.05,16.6,76,3,46.2,16.19,"Beta","db","baja","success"
32.29,32.56,74,3,68,2.92,"Gamma","infra","media","success"
49.69,14.73,94,4,63.8,6.58,"Alpha","test","media","success"
19.23,17.58,76,6,64.9,3.85,"Delta","api","baja","success"
79.34,7.74,70,4,61,2.94,"Alpha","auth","alta","success"
54.81,39.4,97,4,75.3,4.78,"Beta","auth","crítica","failed"
10.26,13.94,82,2,84.8,4.2,"Delta","infra",NA,"success"
36.15,15.77,89,3,70,10.97,"Beta","ui","alta","success"
47.34,30.97,74,1,53.5,4.69,"Beta","auth","media","success"
62.41,15.52,98,2,67.2,6.02,"Beta","api","media","rolled_back"
34.15,5.1,79,0,88,NA,"Alpha","db","alta","success"
15.29,4.09,103,1,49.7,22.96,"Beta","auth","baja","failed"
30.84,17.11,87,0,NA,14.96,"Alpha","api","media","failed"
118.73,6.42,69,6,62.1,21.75,"Gamma","infra","media","success"
16.18,26.82,71,1,94.3,19.16,"Alpha","db","media","success"
16.39,13.46,73,3,66.9,7.81,"Alpha","db","baja","success"
24.96,13.86,61,3,89.4,9.98,"Beta","api","crítica","failed"
6.25,8.69,75,1,69.3,3.51,"Gamma","infra","media","success"
13.49,37.95,84,0,43.4,5.86,"Gamma","api","baja","success"
9.88,18.09,93,3,76.6,3.17,"Gamma","api","alta","rolled_back"
72.9,15.94,82,1,53.4,18.9,"Gamma","infra","baja","success"
65.73,36,106,1,57.7,9.77,"Gamma","api","media","success"
15.06,11.23,87,2,69.5,29.78,"Gamma","auth","baja","success"
46.63,13.83,105,1,74.2,6.51,"Beta","infra","media","success"
25.74,8.34,84,3,58.4,6.96,"Gamma","infra","alta","success"
34.84,20.97,96,6,71.4,8.69,"Delta","api","baja","success"
96.06,14.44,89,3,73.6,2.05,"Gamma","ui","media","success"
8.31,11.17,100,4,61.3,4.35,"Alpha","auth","media","success"
26.97,9.8,96,1,51.1,3.44,"Beta","auth","crítica","failed"
42.08,50.45,79,4,45,1,"Gamma","test","alta","success"
8.24,24.65,90,7,54.5,5.89,"Delta","db","alta","success"
34.93,15.52,82,1,85.1,12.21,"Beta","db","media","rolled_back"
62.58,21.73,89,1,53,15.25,"Alpha","api","alta","success"
29.13,27.8,78,3,76.7,7.79,"Beta","api","baja",NA
34.76,10.4,83,6,76.8,4,"Beta","ui","media","failed"
33.82,17.82,77,2,49.9,13.71,"Alpha","auth","alta","success"
39.01,16.15,84,3,59.9,19.29,"Gamma","ui","alta","failed"
51.07,43.51,82,2,64.9,3.83,"Delta","ui","media","rolled_back"
29.83,25.57,103,2,77,70.68,"Gamma","db","alta","rolled_back"
8.36,11.45,85,4,85.1,25.74,"Gamma","api","crítica","success"
94.77,36.91,73,3,90.8,5.68,"Beta","api","media","success"
19.27,10.96,75,3,69.4,5.37,"Alpha","api","alta","success"
23.35,17.49,85,2,67.3,17.04,"Beta","auth","baja","failed"
24.06,22.53,85,3,92.1,6.78,"Alpha","test","crítica","success"
38.71,3.74,84,1,82.7,15.47,"Beta","api","crítica","failed"
30.53,17.31,89,4,57.3,8.63,"Gamma","db","alta","success"
43.69,5.1,105,5,81.4,4.81,"Delta","infra","media","rolled_back"
23.84,10.49,94,4,100,2.41,"Delta","auth","media","success"
34.46,8.49,75,5,70.5,NA,"Alpha","ui","baja","success"
40.12,12.89,95,2,69.2,8.76,"Gamma","ui","baja","success"
56.02,13.08,95,3,81.9,10.39,"Beta","auth","media","rolled_back"
22.47,20.76,92,4,67.6,20.71,"Alpha","api","baja","success"
40.41,27.9,82,3,73.8,2.28,"Gamma","ui","media","success"
45.11,41.91,93,5,83.6,11.2,"Gamma","ui","alta","rolled_back"
32.27,19.88,88,4,70.2,6.91,"Beta","ui","crítica","failed"
27.62,27.67,87,2,76.2,10.14,"Delta","api","alta","success"
69.98,17.77,92,2,64.2,48.08,"Alpha","auth","media","failed"
40.39,11.96,96,3,67.5,6.27,"Delta","auth","alta","failed"
4.89,18.3,69,5,62.1,2.66,"Delta","auth","media","success"
29.44,7.68,86,9,86.7,5.7,"Gamma","auth","baja","success"
24.42,15.7,79,4,65.7,14.26,"Gamma","api","media","success"
38.29,17.66,93,6,63.2,3.64,"Gamma","db","media","success"
43.2,16.23,92,4,64.7,4.91,"Gamma","auth","alta","success"
43.75,20.02,NA,1,57.4,6.23,"Gamma","auth","media","success"
54.8,70.19,73,5,56.8,6.33,"Gamma","auth","media","failed"
15.38,10.79,90,1,67.7,11.52,"Alpha","infra","alta","rolled_back"
11.03,13.05,79,5,93.6,15.41,"Beta","test","baja","success"
29.91,41.4,94,6,91,5.79,"Delta","db","baja","success"
27.07,29.61,100,7,84.4,5.82,"Gamma","ui","media","failed"
55.15,21.26,97,6,83.6,3.96,"Gamma","api","baja","success"
79.89,23.75,78,5,65.6,9.6,"Beta","db",NA,"rolled_back"
30.43,18.1,89,5,76.8,10.43,"Beta","db","media","success"
9.79,16.64,83,3,54,4.78,"Delta","ui","alta","rolled_back"
84.76,25.34,102,2,61.1,22.14,"Alpha","ui","media","success"
44.26,5.52,83,1,80.4,13.55,"Beta","ui","alta","success"
29.1,17.46,84,2,62.4,6.75,"Beta","infra","alta","success"
53.79,14.99,93,4,68,12.9,"Gamma","infra","media","failed"
33.71,6.43,91,8,84.1,21.91,"Delta","api","crítica","success"
175.91,19.2,83,4,60,9.24,"Gamma","infra","baja","success"
22.06,32.46,89,4,68.6,14.75,"Alpha","infra","baja","success"
35.73,28.46,97,0,42.4,9.5,"Gamma","api ","media","success"
NA,28.31,105,7,51.4,17.25,"Alpha","ui","media","rolled_back"
12.12,10.38,77,1,84.1,4.3,"Alpha","test","baja","success"
55.81,35.66,99,2,64.1,6.17,"Beta","api","crítica","success"
82.44,10.52,79,5,64.7,NA,"Beta","auth","media","success"
55.12,13.71,87,2,59.2,11.92,"Gamma","ui","media","success"
12.34,6.98,81,6,39.9,14.51,"Delta","api","media","success"
44.22,12.44,78,2,70,6.95,"Gamma","auth","baja","rolled_back"
16.57,23.01,NA,4,86.3,20.72,"Alpha","auth","alta","success"
43.85,48.01,86,1,67.6,12.83,"Beta","test","media","success"
7.28,16.22,78,2,97.2,20.46,"Alpha","api","alta","success"
77.55,9.68,88,4,56.9,2.37,"Gamma","infra","media","success"
123.08,16.3,102,4,69.4,4.42,"Alpha","ui","media","success"
36.95,18.82,91,3,NA,NA,"Alpha","ui","media","failed"
83.87,14.9,87,2,63.5,8.18,"Alpha","infra","alta","success"
19.58,30.17,75,5,86.5,3.15,"Delta","auth","baja","failed"
28.82,16.65,90,3,59.7,12.09,"Gamma","ui","media","success"
57.88,15.59,85,2,86.7,10.37,"Alpha","api","alta","success"
34.03,11.97,86,4,93.8,12.62,"Beta","api","baja","failed"
13.53,15.57,84,4,NA,3.74,"Alpha","api","alta","success"
29.26,28.43,84,2,76.4,27.23,"Beta","api","baja","success"
25.34,12.45,93,3,64.8,20.3,"Beta","api","alta","rolled_back"
24.1,18.27,98,4,77.6,9.53,"Beta","ui","media","success"
56.28,5.17,77,4,81.3,5.67,"Gamma","db","baja","failed"
95.2,10.67,80,4,88,8.28,"Beta","ui","alta",NA
38.51,14.54,94,1,55.1,21.92,"Alpha","api","baja","success"
42.38,21.22,65,3,84.5,7.05,"Alpha","auth","alta","success"
53.7,13.62,67,5,43,16.97,"Alpha","api","media","failed"
33.16,12.42,91,3,48.9,7.94,"Delta","ui","media","failed"
155.16,15.77,92,2,56.4,10.7,"Beta","infra",NA,"success"
40.4,11.48,93,4,77.4,10.89,"Beta","test","media","success"
41.16,24.17,90,3,87,5.36,"Delta","ui","baja","rolled_back"
107.19,4.87,83,5,86.3,3.5,"Alpha","test","baja","success"
6.83,13.63,90,3,85.5,6.43,"Gamma","api","crítica","failed"
45.62,38.9,91,4,74.1,14.69,"Delta","auth","alta","success"
25.11,13.81,99,1,84.9,13.33,"Beta","auth","alta","failed"
22.52,47.95,76,1,92.1,13.4,"Gamma","test","media","failed"
29.76,32.63,83,4,63.4,6.64,"Gamma","api","media","rolled_back"
190.98,10.57,81,3,65.2,5.58,"Beta","infra","alta","failed"
44.87,22.88,88,0,63.8,6.97,"Alpha","infra","media","rolled_back"
26.08,17.48,84,2,84.7,1.2,"Beta","api","baja","success"
14.14,22.25,83,4,70.9,9.87,"Gamma","auth","media","success"
135.98,19.85,97,1,52.5,11.36,"Beta","ui","baja","failed"
16.88,7.65,87,4,57.5,16.69,"Beta","test","baja","rolled_back"
44.11,13.61,76,4,75.1,5.66,"Gamma","db","crítica","success"
57.37,23.69,97,2,58.6,3.25,"Gamma","test","alta","rolled_back"
NA,15.68,79,2,50.6,12.48,"Alpha","db","media","success"
20.75,16.64,89,3,81,4.88,"Gamma","test","baja","success"
18.22,35.33,NA,4,69.3,15.07,"Alpha","api","baja","success"
15.25,18.49,75,3,67.8,16.32,"Alpha","db","alta","failed"
41.36,6.77,105,1,70.2,7.31,"Delta","auth","alta","success"
40.4,22.01,88,5,79.9,3.1,"Alpha","auth","baja","failed"
29.05,28.59,91,6,100,10.91,"Alpha","api","baja","failed"
13.54,26.86,81,2,77.4,3.01,"Gamma","test","baja","success"
11.44,11.9,79,2,75.1,39.41,"Alpha","ui","media","rolled_back"
74.29,22.34,72,3,79.5,4.48,"Alpha","auth","media","failed"
32.26,20.18,91,4,100,3.24,"Alpha","db","baja","success"
35.89,15.21,86,1,90.9,6.21,"Beta","db","media","success"
61.56,46.29,100,2,69.9,2.12,"Alpha","test","media","success"
46.04,16.04,74,4,54.2,7.12,"Gamma","infra","alta","success"
17.17,25.9,90,5,76.9,9.93,"Alpha","api","alta","success"
14.45,10.21,79,4,68.6,19.56,"Delta","api","alta","rolled_back"
10.79,20.57,97,5,63.4,8.19,"Delta","infra","alta","success"
15.85,8.47,71,3,100,11.02,"Beta","test","alta","success"
36.04,13.95,91,3,87.5,13.6,"Beta","db","alta","failed"
41.34,4.71,70,1,61.8,NA,"Delta","infra","media","failed"
16.33,11.93,80,0,73.3,1.49,NA,"ui","baja","success"
94.24,12.46,92,3,79,14.44,"Gamma","api","alta","success"
43.32,7.53,79,4,86.7,16.84,"Gamma","api","alta","rolled_back"
169.83,35.72,76,3,53.4,5.64,"Delta","db","baja","success"
57.28,12.83,79,4,82,10.74,"Alpha","auth","alta","success"
30.73,9.24,81,4,75.3,7.99,"Alpha","auth","alta","failed"
65.37,31.2,86,2,71.7,12.92,"Beta","api","media","success"
42.81,17.83,83,1,76.9,6.97,"Alpha","api","baja","success"
46.83,11.82,93,4,64.1,9.68,"Alpha","ui","baja","success"
82.99,5.4,98,2,99.8,3.61,NA,"ui","alta","success"
98.03,27.09,76,9,70,16.63,"Alpha","db","crítica","failed"
34.74,16.56,81,3,79.7,33.34,"Alpha","ui","media","success"
34.9,16.81,87,2,72.4,0.54,"Beta","auth","baja","success"
46.18,36.91,99,3,56.1,10.82,"Gamma","api","crítica","failed"
21.79,23.43,92,4,86.2,53.38,"Delta","db","media","success"
95.81,26.49,100,1,59.9,4.44,"Beta","ui","alta","rolled_back"
61.61,18.53,68,4,61.5,10.79,"Beta","infra","alta","success"
16.09,10.89,90,4,60.1,4.37,"Gamma","test","media","rolled_back"
27.55,11.4,99,4,42.5,77.94,"Gamma","test","media","SUCCESS"
35.97,15.84,NA,3,55.5,4.13,"Beta","ui","baja","success"
73.29,26.91,81,4,53.1,11.96,"Gamma","infra","alta","success"
65.98,33.29,76,2,68.6,17.1,"Alpha","api","media","success"
84.53,22.01,93,4,77.6,6.41,"Alpha","db","media","success"
97.71,13.3,103,2,78.3,2.69,"Delta","api","crítica","success"
41.67,NA,82,6,78.1,4.96,"Delta","db","baja","success"
33.75,NA,70,2,78.6,14.03,"Gamma","auth","alta","success"
30.18,17.95,86,1,79.5,4.2,"Alpha","db","crítica","success"
28.84,26.15,NA,5,71.2,2.93,"Alpha","auth","alta","rolled_back"
95.28,29.73,88,0,72.1,30.47,"Gamma","db","media","failed"
154.22,25.16,76,3,72.7,14.35,"Alpha","test","alta","rolled_back"
81,9.5,81,4,84.6,0.77,"Beta","db","alta","success"
56.14,44.01,82,6,78.6,4.29,"Alpha","db","alta","success"
149.3,10.71,110,4,42.7,1.16,"Delta","api","media","failed"
30.16,16.7,92,1,56,15.07,"Delta","db","alta","success"
11.95,12.25,92,NA,73,2.7,"Alpha","test","crítica","rolled_back"
7.27,55.13,79,5,86.1,18.2,"Alpha","db","alta","success"
25.19,18.91,66,1,51.9,8.89,"Alpha","auth","alta","success"
24.13,31.88,77,2,91.3,23.22,"Beta","db","baja","success"
26.01,21.49,88,1,48.9,8.98,"Alpha","ui","media","rolled_back"
25.85,21.54,76,3,65.4,5.64,"Alpha","test","baja","rolled_back"
25.87,3.93,87,5,86.6,7.48,"Delta","auth","media","success"
14.39,15.32,88,2,100,12.59,"Gamma","api","crítica","success"
75.39,16.57,82,3,49.4,20.64,"Gamma","infra","alta","success"
22.2,20.46,85,3,78.3,9.27,"Gamma","ui","alta","rolled_back"
27.59,8.71,90,1,63,4.73,"Delta","db","baja","success"
17.63,33.1,74,2,52.3,14.76,"Gamma","ui","alta","success"
6.92,13.2,62,2,60.8,11.15,"Alpha","auth","media","success"
39.13,11.72,82,2,66.4,17.03,"Alpha","infra","crítica","success"
54.79,38.48,90,3,58.4,4.42,"Alpha","auth","alta","rolled_back"
20.82,23.54,94,2,63.5,1.4,"Alpha","ui","media","failed"
95.05,5.18,77,1,64.8,20.64,"Delta","api","crítica","success"
47.77,47.57,77,2,64.6,10.85,"Beta","test","media","success"
9.33,14.35,83,3,77.2,1.92,"Gamma","auth","crítica","success"
75.95,8.96,84,4,81,12.49,"Alpha","ui","baja","failed"
143.84,13.02,87,2,70.3,3.08,"Gamma","api","media","success"
18.5,11.61,92,3,80.8,8.29,"Gamma","api","crítica","rolled_back"
16.57,NA,88,0,53.8,6.47,"Gamma","infra","alta","success"
34.2,28.45,85,2,69.5,15.95,NA,"infra","crítica","failed"
39.32,46.36,80,2,44.6,1.84,"Gamma","db","baja","success"
27.1,18.63,88,5,72.5,12.34,"Gamma","api","media","failed"
29.04,10.06,74,4,96.8,4.65,"Beta","auth","crítica","success"
27.76,29.18,74,0,42.3,5.32,"Delta","infra","alta","failed"
49.5,16.93,79,5,59.9,7.61,"Alpha","ui","alta","failed"
48.16,16.31,72,6,77.3,5.11,"Alpha","auth","baja","success"
41.14,11.88,84,6,57.1,6.33,"Alpha","db","baja","success"
39.86,11.24,89,4,48.8,4.45,"Alpha","db","baja","success"
31.46,8.44,86,2,93.3,7.91,"Alpha","auth","media","success"
38.61,24.01,80,6,60.6,9.93,"Alpha","api","media","success"
86.7,45.62,96,3,77.5,7.06,"Delta","test","baja","success"
71.34,5.73,95,3,59.3,8.71,"Alpha","auth","alta","rolled_back"
15.15,39.43,89,2,96.5,2.13,"Beta","auth","alta","success"
58.26,4.88,87,2,50.2,3.21,"Gamma","api","alta","success"
15.44,10.99,75,4,91.9,10.63,"Alpha","auth","media","success"
24.22,8.51,75,3,72.6,4.49,"Beta","auth","media","success"
68.57,44.23,67,4,66.2,33.72,"Beta","api","crítica","rolled_back"
38.43,14.71,89,4,54,3.12,"Delta","auth","crítica","success"
68.28,21.41,95,0,51.4,8.5,"Alpha","auth","crítica","failed"
26.87,18.48,88,3,53.8,36.58,"Gamma","auth","media","rolled_back"
33.39,27.2,93,1,61.8,8.29,"Beta","infra","media","success"
5.14,20.02,74,6,55.9,18.44,"Delta","test","baja","rolled_back"
36.26,12.38,73,1,67.3,7.5,"Gamma","test","media","rolled_back"
42.71,20.74,79,2,90.9,3.56,"BETA","infra","alta","success"
NA,32.53,69,3,93.7,9.29,"Alpha","api","baja","failed"
190.52,13.37,75,3,72.5,11.95,"Beta","auth","alta","success"
34.85,2.89,85,6,65,3.06,"Alpha","test","media","success"
19.55,47.26,69,1,79.6,11.52,"Alpha","infra","media","failed"
37.03,20.51,86,5,83.5,13.11,"Alpha","api","media","failed"
14.31,13.48,71,3,86.8,8.5,"Beta","api","crítica","success"
37.06,37.58,95,4,56.4,5.23,"Gamma","db","alta","success"
30.84,7.4,84,3,54.4,9.9,"Gamma","auth","media","rolled_back"
53.21,26.16,75,1,70.6,9.19,"Beta","infra","baja","success"
29.09,31.75,77,1,55,5.58,"Delta","api","alta","success"
42.34,20.47,86,2,58,22.1,"Beta","test","baja","success"
95.62,15.5,94,9,28.8,2.67,"Beta","auth","alta","success"
28.82,10.73,81,3,88.6,2.04,"Alpha","auth","media","success"
25.03,22.32,81,0,63.5,4.01,"Beta","test","media","failed"
57.73,22.73,85,4,64.6,6.81,"Alpha","ui","baja","rolled_back"
9.86,23.77,95,0,34.7,5.71,"Alpha","test","baja","success"
31.32,37.75,90,2,69.8,9.44,"Alpha","ui","baja","success"
NA,28.6,75,4,88.4,5.38,"Delta","db","media","rolled_back"
20.86,28.16,81,2,80.6,13.8,"Delta","auth","media","success"
146.21,10.04,88,2,78.2,26.16,"Alpha","test","media","success"
94.67,13.53,89,3,96.5,18.39,"Alpha","db","alta","success"
88.98,30.04,74,3,80,4.64,"Beta","db","media","failed"
80.58,14.66,87,2,73,2.47,"Delta","db","crítica","success"
450.5,6.63,91,3,55.3,5.97,"Delta","auth","media","success"
11.98,28.25,98,0,73.3,2.94,"Alpha","test","baja","success"
74.1,7.2,98,4,67.7,4.08,"BETA","api","crítica","success"
38.03,17.26,60,0,71.4,4.91,"Gamma","auth","media","failed"
15.61,20.86,82,5,69.1,2.33,"Gamma","db","baja","success"
74.35,12.58,88,3,96.8,6.17,"Alpha","auth","crítica","success"
40.16,24.28,81,1,80.7,4.19,"Beta","infra","baja","success"
33.97,12.61,93,2,62.8,24.62,"Delta","ui","media","success"
70.12,10.87,97,2,79.1,6.97,"Beta","auth","crítica","failed"
45.08,42.96,60,3,71.9,10.65,"Gamma","infra","baja","success"
10.34,11.93,90,4,60.1,8.13,"Beta","api","alta","success"
31.36,12.17,75,6,73.8,2.47,"Delta","infra","baja","success"
15.86,26.35,79,4,60,NA,"Delta","api","media","failed"
90.68,21.4,87,2,51.9,38.19,"Gamma","auth","crítica","rolled_back"
116.42,37.87,103,3,59.3,16.91,"Alpha","auth","crítica","success"
14.28,9.32,77,2,60.7,15.17,"Gamma","db","alta","rolled_back"
31.91,25.03,82,5,99.3,19.2,"Alpha","auth","baja","success"
28.09,15.23,90,3,75,4.53,"Alpha","ui","crítica","success"
64.75,10.21,90,1,68.3,32.58,"Gamma","api","baja","failed"
28.96,17.63,91,NA,46.9,6.1,"Gamma","infra","media","success"
38.59,5.98,84,2,68.6,39.19,"Beta","api","baja","failed"
35.28,49.28,84,3,82.5,18.19,"Alpha","auth","media","failed"
10.13,7.58,101,2,86.4,10.98,"Delta","api","crítica","failed"
20.78,13.03,88,6,81.3,4.05,"Beta","ui","media","success"
18.58,10.8,79,2,80.4,11.84,"Alpha","infra","media","success"
12.95,32.84,92,3,68.7,20.32,"Beta","infra","media","success"
25.96,13.6,69,4,50.5,4.75,"Alpha","ui","crítica","rolled_back"
13.92,28.18,74,4,78.8,3.99,"Beta","auth","baja",NA
72.01,NA,81,5,49.6,12.23,"Alpha",NA,"baja","success"
31.58,51.45,76,3,84.4,7.57,"Beta","infra","media","success"
32.43,31.75,88,4,76.3,4.52,"Beta","api","baja","rolled_back"
45.97,21.37,80,1,65.7,14.88,"Alpha","infra","media","success"
25.36,16.86,83,3,73,9.75,"Delta","test","crítica","success"
51.91,13.54,76,1,NA,6.07,"Beta","ui","baja","failed"
81.46,13.59,70,3,69.8,10.55,"Alpha","test","alta","success"
23.05,38.8,95,4,81.4,8.36,"Alfa","api","alta","success"
NA,16.06,78,5,79.5,31.01,"Beta","ui","crítica","failed"
138.27,21.9,92,4,88.5,NA,"Gamma","api","baja","success"
30.01,12.02,98,2,74.7,9.43,"Gamma","ui","media","success"
44.9,22.25,72,1,71.5,3.96,"Beta","db","baja","success"
74.41,3.84,75,1,56.4,7.53,"Delta","ui","baja","success"
38.76,13.48,83,4,100,9.13,"Alpha","api","media","success"
12.69,9.85,90,1,79.4,1.8,"Beta","ui","crítica","success"
17.57,17.24,85,3,81.8,6.08,"Delta","auth","media","rolled_back"
15.05,40.15,76,5,73.9,13.8,"Beta","db","alta","success"
16.88,20.83,97,1,63.7,9.9,"Gamma","infra","media","success"
119.79,9.75,77,3,91.2,10.29,"Gamma","auth","media","failed"
25.28,40.68,90,2,61.6,2.79,"Delta","infra","baja","success"
26.15,30.78,84,5,76.5,7.78,"Beta","api","baja","success"
40.19,46.82,81,4,87.3,22.25,"Alpha","infra","alta","success"
13.92,10.43,79,2,70.9,7.04,"Alpha","api ","media","failed"
21.01,7.99,74,3,47.6,4.53,"Alpha","auth","alta","success"
31.36,67.71,82,4,91,15.01,"Alpha","db","baja","failed"
16.52,17.78,97,2,100,13.02,"Alpha","db","media","success"
17.36,29.43,87,2,70.2,18.22,"Alpha","infra","crítica","success"
NA,8.06,89,2,43.2,4.46,"Alpha","db","media","success"
9.93,46.75,69,0,66.5,5.06,"Beta","ui","alta","success"
51.61,13.47,84,4,75.1,23.46,"Beta","api","media","success"
25.83,7.95,84,0,87.9,3.33,"Beta","infra","baja","rolled_back"
42.82,10.12,86,2,91.3,9.04,"Alpha","api","baja","failed"
3.96,6.1,91,3,73.2,17.44,"Beta","db","alta","success"
22.36,27.13,78,4,89,9.58,"Beta","test","media","success"
65.98,19.92,74,4,84.5,4.73,"Alpha","auth","media","failed"
18.09,20.34,82,2,69.1,10.56,"Delta","ui","alta","success"
86.6,15.48,95,3,52.7,16.31,"Delta","db","baja","success"
29.85,52.65,77,2,47.1,8.56,"Alpha","ui","baja","success"
35.71,11.78,89,4,80.4,6.76,"Alpha","auth","baja","success"
32.12,60.64,86,3,62.8,1.77,"Delta","db","baja","failed"
38.23,30.42,76,5,74.8,18.27,"Alpha","ui","alta","success"
42.12,31.19,93,0,63.4,3.78,"Delta","api","alta","success"
18.41,18.75,82,1,73.1,8.43,"Delta","auth","crítica","success"
42.94,18.16,88,2,80,6.69,"Beta","api","media","failed"
14.11,17.28,80,1,50.9,12.74,"Alpha","ui","baja","rolled_back"
66.85,16.71,80,3,NA,3.85,"Alpha","auth","baja","success"
84.52,17.05,83,5,84.8,7.94,"Beta","infra","crítica","success"
47.1,8.24,71,4,81.1,7.66,"Beta","api","crítica","failed"
14.99,27.14,81,2,39.9,15.34,"Gamma","auth","crítica","success"
21.42,13.37,83,2,100,20.07,"Gamma","auth","baja","rolled_back"
9.34,7.93,98,0,53.1,12.69,"Alpha","infra","alta","success"
72.76,19.3,94,1,82,2.11,"Alpha","api","baja","success"
25.27,11.87,99,7,68.5,3.62,"Gamma","api","media","success"
44.14,99.56,105,2,59.7,5.13,"Alpha","db","media","failed"
26.48,47.7,87,NA,65.5,26.92,"Gamma","ui","baja","success"
18.07,16.96,94,0,79.4,11.7,"Beta","auth","media","success"
20.26,19.38,74,2,67.3,6.28,"Alpha","infra","media","success"
36.91,12.05,81,6,52.7,4.12,"Delta","auth","media","rolled_back"
24.21,29.97,85,4,76.5,9.23,"Delta","api","baja","rolled_back"
33.38,10.89,84,3,52.7,14.71,"Delta","api","media","failed"
22.13,9.7,88,3,72.7,8.41,"Gamma","ui","alta","success"
27.39,29.61,76,1,62.2,13.47,"Gamma","ui","crítica","failed"
107.21,14.01,88,1,52.2,2.37,"Delta","infra","media","rolled_back"
35.34,15.11,85,2,56.4,9.59,"Gamma","auth","alta","success"
40.16,24.63,82,4,71.2,7.45,"Beta","ui","media","success"
37.74,4.26,73,7,75.9,12.82,"Delta","test","alta","success"
40.04,12.9,88,3,64.3,3.72,"Alpha","test","alta","rolled_back"
66.39,12.99,87,3,60.9,13.8,"Beta","test","baja","success"
48.17,16.29,76,10,92.5,7.72,"Alpha","db","media","success"
10.54,34.99,89,6,65.5,12.39,"Gamma","ui","baja",NA
60.22,8.78,91,2,66.1,3.46,"Gamma","ui","alta","rolled_back"
24.25,25.16,83,1,83.2,12.31,"Beta","auth","alta","failed"
46.53,17.02,71,5,70,4.52,"Beta","infra","baja","failed"
25.3,12.44,90,0,NA,14.83,"Beta","infra","media","success"
17.12,10.31,86,5,66.3,10.23,"Beta","api","baja","success"
23.2,22.79,94,6,62.4,11.92,"Delta","api","baja","success"
19.81,12.44,80,2,57.5,33.94,"Gamma","auth","baja","success"
30.25,8.57,76,3,68,5.98,"Delta","api","media","success"
28.21,4.34,92,2,97.8,13.75,"Delta","api","alta","failed"
15.14,13.3,81,2,51.8,8.35,"Gamma","test","alta","failed"
55.06,32.08,100,7,76.4,13.52,"Beta","db","alta","success"
53.8,11.38,105,5,98.9,3.89,"Alpha","auth","media","success"
27.56,16.47,70,6,59,16.75,"Gamma","api","media","failed"
10.49,13.78,81,3,74.3,11.17,"Alpha","api","media","success"
17.52,20.17,94,5,72.7,NA,"Alpha","auth","crítica","success"
50.85,54.3,80,5,97.7,6.35,"Alpha",NA,"baja","success"
29.33,8.15,86,3,87,6.84,"Delta","api","media","failed"
62.89,36.07,74,2,82.9,10,"Gamma","infra","baja","success"
23,12.16,100,1,NA,13.07,"Alpha","infra","alta","success"
29.1,10.32,91,2,61.9,4.71,"Delta","api","baja","failed"
12,22.8,92,2,73.7,13.33,"Alpha","auth","media","failed"
73.93,8.97,86,3,68.5,3.05,"Beta","infra","media","success"
32.84,21.79,98,3,82.3,14.67,"Gamma","api","media","failed"
33.19,9.49,87,2,82.8,5.37,"Gamma","auth","media","rolled_back"
10.46,32.12,77,4,68.5,9.91,"Gamma","infra","alta","success"
49.52,16.37,79,0,81.4,2.87,"Beta","api","baja","failed"
10.62,31.46,96,2,71.6,10.87,"Delta","api","alta","success"
246.81,13.51,98,2,66.8,5.04,"Alpha","infra","media","success"
47.34,14.59,NA,1,80.8,11.64,"Alpha","db","baja","success"
13.93,18.95,75,2,75.1,3.87,"Beta","db","media","failed"
24.22,13.75,88,3,55.2,3.78,"Gamma","api","alta","failed"
31.44,13.44,106,4,18.7,5.38,"Alpha","auth","alta","success"
34.52,19,96,7,75.5,3.07,"Delta","ui","alta","success"
37.85,51.36,97,2,NA,6.39,"Beta","infra","alta","success"
31.91,11.69,73,4,73.9,13.44,"Beta","db","media","success"
23.93,47.25,97,5,72.2,2.37,"Alpha","auth","baja","success"
40.71,10.69,114,3,76.8,9.4,"Gamma","test","media","success"
34.76,26.78,81,3,74.7,2.62,"Delta","ui","alta","rolled_back"
20.22,36.95,78,2,83.3,13.57,"Beta","db","crítica","success"
27.83,11.22,84,1,58,6.38,"Beta","db","alta","success"
35.48,9.55,80,NA,100,3.12,"Alpha","db","media","success"
26.12,37.78,89,6,64.8,12.04,"Gamma","auth","media","success"
20.08,21.03,94,3,72.4,23.13,"Gamma","infra","baja","rolled_back"
63.82,63.6,72,6,82.9,9.64,"Gamma","auth","alta","success"
38.19,30.17,85,3,82.3,7.05,"Alpha","auth","crítica","failed"
48.72,18.08,83,6,84.7,19.01,"Alpha","auth","media","success"
50.47,17.44,84,3,100,3.54,"Alpha","api","baja","success"
75.06,132.43,86,4,86.6,8.32,"Delta","test","media","success"
56.45,23.15,85,3,45.2,13,"Alpha","api","alta","rolled_back"
12.98,22.63,89,2,71.6,7.96,"Delta","ui","alta","success"
11.98,41.82,87,5,70.8,6.09,"Alpha","auth","baja","success"
27.85,15.95,95,3,95.7,3.95,"Gamma","api","media","success"
57.21,26.35,79,1,77.8,3.86,"Gamma","db","baja","success"
48.41,8.5,80,1,73.3,40.33,"Gamma","auth","media","failed"
77.33,11.84,82,2,66.9,2.64,"Beta","infra","crítica","failed"
25.66,27.04,80,2,73.4,1.64,"Beta","db","media","success"
16.32,11.58,83,4,91.7,8.05,"Beta","infra","baja","success"
13.36,11.81,77,2,71.2,29.32,"Beta","auth","baja","failed"
87.86,21.82,105,3,56.5,2.17,"Delta","auth","baja","success"
107.42,25,96,1,65.6,9.33,"Delta","api","crítica","failed"
18.11,8.72,88,3,81.7,11.96,"Beta","infra","baja","success"
20.35,11.46,80,1,72,7.28,"Delta","api","media","failed"
150.33,9.29,79,3,83.4,4.38,"Gamma","infra","media","success"
17.17,8.47,83,1,73.8,4.98,"Gamma","ui","baja","failed"
17.2,43.76,95,4,47.6,1.93,"Alpha","api","baja","failed"
15.2,14.25,86,0,85.6,5.77,"Delta","ui","baja","failed"
13.56,23.52,88,1,79.8,1.9,"Delta","api","baja","rolled_back"
20.99,38.04,100,2,65,13.49,"Alpha","ui","alta","failed"
110.37,NA,76,3,50.4,2.97,"Alpha","api","alta","success"
24.03,15.85,92,5,58.5,4.3,"Beta","infra","media","failed"
10.13,5.08,99,1,73.4,52,"Delta","api","baja","failed"
47.43,10.9,87,2,65,15.59,"Delta","test","media","success"
8.11,18.07,93,3,61.3,19.55,"Beta","test","media","failed"
19.49,21.69,82,1,85.4,2.3,"Alpha","ui","media","failed"
76.84,12.36,84,3,76.2,8.88,"Delta","db","media","failed"
28.77,13.09,103,3,82.6,3.2,"Gamma","api","media","success"
5.99,6.47,84,5,58.6,7.79,"Delta","api","alta","success"
81.21,12.31,103,7,41.2,184.16,"Alpha","api","baja","success"
11.75,52.39,85,3,65.2,4.64,"Beta","db","alta","rolled_back"
29.44,26.13,89,6,94.3,8.32,"Beta","ui","media","failed"
42.3,17.4,78,4,61.8,3.6,"Delta","test","media","success"
11.88,16.42,103,0,52.3,6.04,"Beta","ui","alta","rolled_back"
18.6,23.34,99,5,71.8,5.28,"Delta","infra","baja","rolled_back"
29.42,27.6,90,3,82.5,26.54,"Alpha","db","crítica","success"
23.83,22.2,90,3,81.7,1.38,"Alpha","auth","baja","success"
40.28,27.81,75,1,77.8,5.41,"Gamma","test","media","success"
32.74,16.71,74,3,72.8,10.47,"Delta","test","alta","failed"
11.49,45.35,97,1,76.1,12.84,"BETA","auth","media","success"
12.92,17.09,84,3,62.2,1.8,"Delta","infra","media","failed"
22.31,14.89,102,4,84.8,7.68,"Gamma","api","baja","failed"
38.17,26.25,81,1,59.9,11.91,"Delta","api","media","success"
98.36,11.17,96,3,66.7,3.7,"Gamma","api","alta","success"
102.25,71.65,93,6,67.8,3.67,"Gamma","db","media","success"
32.67,12.62,87,3,85.2,11.38,"Alpha","infra","crítica","failed"
8.61,13.59,79,5,72,5.69,"Beta","ui","baja","rolled_back"
59.81,13.21,79,0,63.9,5.69,"Beta","api","baja","success"
72.08,6.15,94,3,81.9,11.65,"Delta",NA,"crítica","success"
25.22,15.43,71,5,83.6,11.18,"Beta","db","baja","rolled_back"
40.53,34.4,74,1,40.2,8.51,"Beta","infra","alta","success"
18.79,24.5,85,2,74.4,13.05,"Gamma","api","media","success"
31.66,26.39,85,3,72.3,22.09,"Beta","auth","baja","rolled_back"
41.48,23.88,94,1,64.1,15,"Delta","auth","crítica","success"
59.69,23.72,71,3,64,2.38,"Delta","db","alta","success"
47.78,8.9,89,5,61.2,1.89,"Gamma","auth","media","success"
42.19,7.04,90,2,65.1,10.65,"Beta","infra","crítica","success"
13.56,8.66,77,4,77,24.87,"Alpha","api","alta","success"
85.26,16.49,81,6,89.2,18.25,"Alpha","auth","baja","failed"
6.36,13.98,86,2,48.9,10.27,"Beta","api","baja","rolled_back"
NA,24.32,76,2,97.2,1.82,"Gamma","ui","baja","success"
74.65,16.41,94,5,69.9,21.32,"Alpha","infra","media","rolled_back"
19.98,12.47,78,4,70.8,7.47,"Gamma","api","media","rolled_back"
25.16,28.24,78,3,89.1,2.74,"Alpha","infra",NA,"failed"
173.51,6.47,87,3,60.7,18.32,"Alpha","api","alta","success"
64.19,26.04,97,3,64.5,20.65,"Delta","auth","baja","success"
12.42,31.8,95,5,66.1,9.17,"Gamma","test","media","success"
23.4,11.06,100,3,71.2,3.94,"Alpha","infra","media","failed"
17.65,5.55,92,1,93.7,3.02,"Delta","api","baja","success"
35.34,10.84,79,2,89,5.17,"Delta","infra","alta","rolled_back"
12.81,4.45,93,5,72.1,5.32,"Alpha","auth","baja","success"
26.96,16.2,91,2,65.8,5.39,"Delta","db","media","rolled_back"
89.93,11.65,96,4,78.1,23.17,"Gamma","auth","crítica","success"
52.75,52.4,80,4,74.3,5.72,"Gamma","api","alta","success"
47.1,29.51,85,1,59.5,7.02,"Gamma","db","media","success"
22.48,14.07,103,2,74.2,15.03,"Gamma","api","media","success"
26.55,15.53,91,1,67.4,7.7,"Alpha","infra","media","failed"
43.72,30.74,96,2,91.6,25.24,"Delta","ui","crítica","success"
12.67,14.55,93,2,97.2,8.95,"Delta","api","baja","failed"
5.47,12.26,89,2,50.4,6.78,"Gamma","auth","media","success"
26.03,9.31,98,3,100,3.89,"Gamma","infra","alta","rolled_back"
25.74,24.05,94,3,90,5.7,"Beta","api","alta","failed"
57.85,13.98,100,4,77.2,20.94,"Gamma","db","alta","success"
22.4,6.55,93,2,46.3,3.99,"Beta","api","media","rolled_back"
19.42,11.24,87,0,75,41.67,"Beta","api","alta","success"
47.15,25.16,70,2,56.5,7.54,"Gamma","infra","media","failed"
20.17,10.81,86,3,60.5,1.71,"Gamma","api","media","success"
98.91,5.42,80,4,88.1,4.44,"Gamma","db","media","failed"
16.03,10.85,93,2,81.5,NA,"Beta","api","baja","rolled_back"
59.63,13.22,78,6,83.5,7.7,"Gamma","infra","media","rolled_back"
7.8,16.49,80,3,89.5,8.78,"Delta","test","alta","success"
94.95,16.52,96,3,84,5.93,"Gamma","api","alta","success"
30.16,53.28,89,2,94.8,4.53,"Beta","db","media","success"
7.79,21.96,83,2,90.1,6.43,"Gamma","infra","crítica","success"
11.9,7.85,81,5,88.4,5.11,"Alpha","api","baja","success"
NA,95.15,82,3,75,20.54,"Gamma","ui","baja","success"
112.38,NA,90,3,67.9,5.54,"Gamma","db","crítica","failed"
21.68,41.69,71,2,84.1,6.71,"Gamma","api","media","success"
29.45,20.99,101,4,42.5,4.84,"Alpha","api","baja","success"
61.07,9.69,88,3,74.1,12.69,"Beta","ui","media","rolled_back"
32.03,18.48,91,4,52.4,10.16,"Beta","ui","crítica","success"
27.19,53.89,99,4,77.2,12.58,"Gamma","api","media","failed"
31.4,21.74,107,3,60.6,33.91,"Beta","infra","media","success"
25.89,34.56,83,3,83.5,16.76,"Gamma","api","alta","success"
NA,28.75,87,2,71,16.11,"Alpha","auth","alta","success"
44.45,30.36,75,2,83.6,7.25,"Alpha","db","baja","success"
10.56,13.89,79,1,77.2,4.97,"Beta","api","baja","rolled_back"
26.03,14.23,69,6,98,1.14,"Gamma","test","crítica","success"
18.25,11.46,85,1,51.2,20.84,"Gamma","ui","alta","success"
47.23,19.17,96,4,72.8,25.2,"Gamma","ui","alta","success"
31.01,10.49,95,5,58.4,8.88,"Delta","ui","media","success"
12.95,27.28,79,2,55.6,5.78,"Gamma","db","media","success"
43.08,12.41,76,5,75.1,21.36,"Beta","auth","baja","success"
7.1,34.57,106,2,70.2,9.2,"Beta","test","alta","success"
62.21,21.63,75,3,88.3,4.67,"Beta","ui","baja","success"
NA,23.86,87,3,77.6,15.6,"Beta","api","crítica","success"
112.5,25.83,67,3,79.9,7.72,"Delta","ui","crítica","success"
21.55,18.61,84,1,52.6,6.15,"Beta","ui","media","rolled_back"
24.34,34.78,90,2,66.7,2.96,"Alpha","test","media","failed"
13.97,11.83,92,6,73.3,4.86,"Gamma","test","crítica","rolled_back"
9.27,38.07,98,5,80.2,3.34,"Gamma","auth","baja","success"
38.62,20.11,84,5,64.9,5.52,"Beta","api","crítica","success"
11.33,6.16,76,3,75.5,7.39,"Beta","ui","media","failed"
54.73,19.66,91,2,91.2,5.37,"Beta","ui","baja","success"
7.93,28.58,94,3,80.4,24.71,"Beta","api","baja","success"
20.03,5.2,74,2,72.7,8.09,"Alpha","db","media","rolled_back"
48.33,8.62,85,2,NA,4.56,"Delta","auth","media","rolled_back"
28.29,23.62,89,6,48.9,8.04,"Gamma","api","baja","success"
50.82,15.53,94,0,46.4,2.41,"Delta","ui","alta","failed"
37.11,48.95,73,3,66.6,3.41,"Alpha","db","baja","rolled_back"
32.51,18.36,91,7,63.7,4.13,"Beta","db","crítica","failed"
117.15,4.7,90,5,83.7,5.33,"Gamma","test","baja","failed"
15.77,10.15,81,3,78.6,NA,"Beta","db","media","rolled_back"
29.97,36.63,80,1,56.8,15.78,"Delta","db","alta","rolled_back"
18.33,16.55,71,2,NA,2.39,NA,"db","alta","rolled_back"
18.03,24.38,89,4,NA,9.1,"Gamma","auth","baja","success"
26.2,25.69,89,1,78,7.26,"Delta","api","media","success"
16.7,20.88,82,3,66.9,10.24,"Alpha","infra","baja","success"
54.5,12.34,76,1,78.1,5.51,"Gamma","test","baja","success"
58.76,6.46,88,1,54.4,5.27,"Delta","ui","alta","success"
43.4,15.53,85,1,65.4,2.4,"Alpha","auth","alta","failed"
8.29,36.29,88,3,92.9,8.93,"Beta","infra","crítica","success"
23.19,14.74,87,0,76.6,7.33,"Beta","api","crítica","success"
42.1,22.19,88,3,71.4,20.35,"Delta","infra","alta","success"
28.16,39.26,90,2,52.1,12.43,"Beta","db","baja","success"
85.79,6.64,99,4,59,17.13,"Alpha","auth","media","success"
24.01,10.53,76,3,61,2.55,"Gamma","ui","alta","success"
28.98,16.23,79,2,65.8,11.36,"Alpha","db","crítica","success"
38.48,22.18,86,3,69.8,1.6,"Beta","db","media","failed"
44.04,21.62,89,2,72,3.47,"Beta","api","alta","success"
42.62,14.24,86,3,71.9,19.72,"Beta","db","alta","failed"
22.29,9.33,83,2,78.2,8.53,"Alpha","auth","alta","success"
86.83,17.15,91,4,86,10.83,"Delta","auth","alta","success"
43.42,28.19,82,3,100,5.9,"Delta","api","alta","failed"
41.46,14.69,82,3,81.4,2.56,"Delta","db","baja","failed"
15.93,20.34,84,2,70.7,11.28,"Gamma","ui","alta","rolled_back"
16.38,22.03,97,2,47.1,16.4,"Alpha","auth","baja","success"
20.28,11.01,91,2,81.6,9.78,"Gamma","ui","alta","success"
20.39,17.9,82,2,97.7,9.55,"Alpha","test","media","success"
59.11,16.78,91,3,86.9,7.65,"Alpha","ui","crítica","failed"
59.7,5.21,61,2,78.4,9.29,"Alpha","ui","media","success"
55.74,NA,89,0,91,10.81,"Alpha","api","media","success"
30.16,11.19,70,5,76.6,4.33,"Alpha","api","alta","success"
19.6,7.31,74,0,64.7,12.42,"Delta","test","baja","failed"
10.76,21.03,88,3,53.7,8.06,"Alpha","db","baja","failed"
13.07,12.61,81,3,53.1,2.97,"Gamma","auth","media","success"
93.62,15.72,78,3,62.5,2.11,"Beta",NA,"crítica","success"
18.27,22.67,80,2,85.9,7.17,"Alpha","infra","baja","failed"
16.61,86.26,88,3,66.5,4.89,"Delta","ui","alta",NA
21.64,15.4,86,6,72,3.68,"Alpha","test","media","success"
16.5,9.11,91,3,62.2,3.97,"Delta","auth","crítica","success"
18.25,24.14,76,0,91.1,12.57,"Alpha","api","baja","rolled_back"
112.75,42.18,93,2,51.7,2.98,"Beta","db","baja","success"
19.46,27.33,85,6,64.4,5.36,"Alpha","ui","baja","failed"
23.15,9.97,88,1,70.8,8.69,"Alpha","infra","crítica","success"
30.77,9,78,6,59,25.11,"Beta","api","crítica","rolled_back"
130.73,15.73,80,3,56.3,9.95,"Alpha","api","baja","success"
24.49,5.42,93,2,67.7,6.4,"Gamma","api","alta","success"
38.95,61.14,113,5,75.4,11.48,"Delta","auth","baja","success"
41,9.96,87,0,76.4,19.93,"Delta","infra","media","rolled_back"
26.19,18.77,90,3,76,12.72,"Alpha","infra","media","rolled_back"
6.95,9.45,81,2,57.9,5.35,"Gamma","api","alta","success"
85.56,6.42,88,4,70.2,16.14,"Delta","db","media","rolled_back"
28.67,19.58,71,6,47.9,4.07,"Beta","api","alta","failed"
44.8,22.75,88,1,77.9,21.54,"Gamma","db","media","success"
19.6,6.77,92,6,70.7,23.81,"Alpha","db","media","rolled_back"
49.18,27.34,100,6,84.7,4.28,"Gamma","api","alta","failed"
59.86,17.27,92,5,88.8,10.85,"Beta","auth","baja","success"
92.69,22.25,80,3,83.5,2.59,"Alpha","api","alta","success"
17.22,10.45,76,1,76.3,3.59,"Beta","infra","alta","failed"
38.58,29,89,4,57.3,11.12,"Beta","ui","alta",NA
28.03,21.31,109,2,75.1,4.26,"Gamma","db","baja","success"
24.75,6.47,82,3,95.2,12.28,"Delta","api","alta","failed"
16.99,31.63,78,5,92.9,23,"Delta","infra","baja","success"
49.38,6.08,87,5,85.2,8.43,"Alpha","db","alta","success"
44.12,5.65,86,2,80.5,3.21,"Delta","api","baja","success"
124.86,NA,94,2,91.1,3.99,"Alpha","auth","alta","success"
7.53,21.69,86,4,41.3,3.91,"Alpha","auth","media","success"
132.1,19.13,73,1,80.2,21.89,"Beta","ui","media","rolled_back"
21.7,15.38,99,3,75.9,2.3,"Alpha","db","crítica","success"
72.59,27.32,90,5,73.2,22.21,"Beta","auth","crítica","rolled_back"
36.89,7.6,80,3,62.6,NA,"Alpha","test","alta","failed"
47.57,11.82,91,2,94.3,5.23,"Beta","db","crítica","success"
39.03,6.37,90,1,45.9,2.38,"Gamma","infra","alta","success"
79.42,27.4,84,5,79.1,4.86,"Alpha","test","media","success"
20.9,14.95,100,2,72.1,3.5,"Alpha","api","media","success"
55.31,10.85,75,4,77.7,23.24,"Alpha","auth","baja","success"
11.62,12.58,109,6,94,44.49,"Gamma","api","media","success"
18.06,24.97,79,3,66.5,3.83,"Alpha","auth","alta","success"
48.6,10.98,103,10,65.2,6.29,"Gamma","infra","media","success"
41.42,21.93,87,1,78.4,7.52,"Gamma","ui","alta","success"
27.96,11.16,74,4,58,15.18,"Alpha","auth","media","success"
30.36,33.06,101,1,59,5.57,"Gamma","db","baja","success"
37.8,9.09,80,5,100,12.9,"Gamma","auth",NA,"success"
61.23,22.19,89,5,74,5.98,"Beta","ui","media","failed"
9.38,34.52,96,1,79.5,6.49,"Gamma","auth","media","failed"
38.6,7.72,80,4,57.1,10.57,"Gamma","api","alta","success"
10.88,24.02,89,1,63,0.92,"Delta","api","media","rolled_back"
86.79,6.55,101,1,59,2.1,"Beta","api","media","failed"
60.48,15.32,82,1,60.4,13.09,"Delta","test","alta","success"
26.63,10.82,87,0,60.7,9.87,"Beta",NA,"media","success"
75.19,13.54,80,2,68.8,30.44,"Gamma","ui","alta","rolled_back"
23.66,22.61,82,5,55.7,1.85,"Beta","test","media","success"
6.92,22.09,83,3,80.6,15.91,"Alpha","db","alta","success"
12.02,16.09,88,4,69.5,5.34,"Alpha","db","baja","success"
31.05,6.05,92,2,78,3.32,"Alpha","infra","media","success"
17.29,19.61,95,2,82.4,NA,"Alpha","db","alta","success"
39.14,18.7,82,6,93.8,11.04,"Beta","infra","media","success"
114.07,31.52,74,4,72.1,14.49,"Gamma","api","media",NA
26.46,10.22,82,3,81.1,10.21,"Delta","api","media","success"
34.41,11.42,73,3,78.5,18.48,"Beta","ui","baja","success"
64.02,17.48,92,3,71.1,8.06,"Beta","test","alta","success"
119.77,6.68,93,2,80.2,11.92,"Gamma","api","alta","success"
5.85,23.03,89,3,71.6,NA,"Gamma","db","media","success"
59.25,16.17,91,3,61.5,8.26,"Alpha","ui","baja","success"
19.24,9.43,82,6,72.2,58.98,"Gamma","auth","alta","success"
32.56,8.94,95,5,81.3,3.01,"Alpha","auth","media","success"
8.08,18.45,95,4,65.3,5.59,"Beta","auth","alta","success"
20.5,41.4,NA,6,89.4,6.07,"Delta","api","alta","success"
79.21,7.69,86,1,92.4,6.16,"Beta","ui","alta","success"
55.07,17.05,90,2,66.7,10.1,"Alpha","ui","baja","success"
16.12,NA,84,3,69.9,4.74,"Gamma","ui","crítica","success"
37.39,25.51,99,0,67.7,10.1,"Alpha","db","baja","success"
25.33,61.63,82,2,76.8,9.61,"Alfa","auth","media","rolled_back"
10.41,23.88,91,3,79.1,10.55,"Beta","ui","media","rolled_back"
20.16,24.7,89,3,61,10.4,"Gamma","api","alta","success"
85.54,24.03,60,2,77.8,11.1,"Gamma","api","alta","failed"
23.45,12.16,72,3,67,17.74,"Alpha","api","baja","success"
14.55,10.25,94,5,100,4.32,"Alpha","api","media","success"
53.06,43.6,80,6,85.6,1.71,"Delta","auth","alta","failed"
31.67,7.4,77,1,85.9,9.8,"Beta","infra","baja","failed"
19.04,10.4,74,4,43.8,17.3,"Alpha","db",NA,"failed"
36.27,15.81,85,4,96.2,11.15,"Delta","ui","media","failed"
4.41,265.9,77,2,NA,6.23,"Beta","api","alta","failed"
52.63,46.74,75,3,66.1,1.94,NA,"api","media","rolled_back"
17.48,45.04,93,2,57.7,15.04,"Alpha","infra","baja","success"
55.64,NA,90,3,85.1,16.43,"Alpha","db","crítica","success"
108.25,9.64,88,1,81.2,8.11,"Beta","infra","media","failed"
51.08,14.29,83,3,89.4,6.77,"Alpha","db","baja","success"
32.26,9.89,69,4,69.6,29.35,"Alpha","api","crítica","success"
11.97,20.38,95,4,80.3,3.26,"Gamma","auth","alta","rolled_back"
11.25,26.01,93,3,73.8,20.32,"Delta","auth","alta","success"
30.35,7.38,82,2,78.2,15.45,"Alpha","infra","media","success"
14.7,20.41,78,2,70.9,17.01,"Gamma","ui","crítica","success"
24.27,12.17,67,2,63.9,4.79,"Delta","ui","alta","success"
13.92,15.08,82,2,55.2,4.6,"Alpha","api","baja","failed"
102.24,7.87,84,4,66.7,39.08,"Alpha","ui","media","success"
22.35,30.72,77,4,79.7,5.4,"Gama","infra","media","success"
38.14,13.64,88,5,60.6,7.03,"Gamma","infra","alta","rolled_back"
NA,14.57,89,2,80,10.91,"Alpha","api","alta","success"
36.17,6.37,89,2,49,19.16,"Beta","auth","alta","success"
15.43,10.71,76,3,57.1,1.66,"Alpha","ui","alta","rolled_back"
37.4,12.9,91,4,55.9,7.68,"Delta ","test","alta","success"
52.01,7.79,86,3,87.1,4.33,"Gamma","ui","baja","failed"
17.51,13.46,104,2,82.4,6.86,"Delta","api","alta","success"
223.37,12.77,105,1,78.7,1.94,"Beta","infra","media","failed"
28.14,6.01,86,6,100,7.14,"Alpha","infra","crítica","success"
NA,5.72,77,1,79.9,9.56,"Gamma","test","media","success"
19.29,15.23,97,3,59.4,8.12,"Alpha","db","alta","failed"
83.44,19.52,82,3,72.5,13.53,"Gamma","ui","media","success"
215.69,8.25,92,4,NA,8.75,"Gamma","ui","baja","success"
20.94,12.89,82,3,66.7,33.47,"Alpha","api","baja","failed"
19.04,5.94,79,0,74.1,11.24,"Delta","ui","alta","success"
23.22,10.89,72,4,84.5,7.17,"Beta","test","media","success"
12.81,18.26,74,1,100,6.38,"Delta","api ","alta","failed"
102.92,NA,73,3,81.2,3.97,"Alpha","auth","alta","success"
19.66,17.38,81,8,94,3,"Alpha","api","media","success"
11.72,NA,82,5,73.6,8.1,"Gamma","api","baja","success"
13.55,23.5,100,3,70,1.86,"Alpha","api","baja","success"
25.42,19.89,92,2,65.9,3.84,"Alpha","api","alta","rolled_back"
12.01,7.81,76,1,70.9,9.15,"Alpha","infra","crítica","rolled_back"
40.58,4.85,95,3,82.6,NA,"Beta","infra","crítica","success"
19.03,26.63,82,3,87.6,8.56,"Gamma","api","baja","success"
64.68,22.57,90,3,85.8,1.51,"Gamma","auth","baja","failed"
62.48,36.74,93,2,53.5,11.29,"Delta","auth","crítica","failed"
37.76,11.13,88,1,58.2,7.87,"Alpha","ui","crítica","success"
NA,21,84,2,64.2,9.85,"Gamma","api","baja","success"
38.66,15.23,80,3,65.8,9.12,"Alpha","auth","media","failed"
26.78,9.02,93,1,70.7,4.51,"Gamma","db","media","success"
25.01,18.2,87,4,55,3.99,"Beta","infra","crítica","failed"
41.14,78,82,6,64.8,7.01,"Alpha","test","media","success"
21.2,31.18,76,2,64.3,3.84,"Gamma","test","alta","success"
25.42,NA,89,3,69.7,11.75,"Alpha","ui","alta","success"
24.62,9.04,78,4,77.8,6.24,"Gamma","auth","media","success"
28.37,33.73,86,5,60.5,9.6,"Beta","test","baja","success"
13.69,21.73,93,3,62.3,2.81,"Gamma","api","alta","success"
38.3,13.19,61,5,92.3,13.81,"Alpha","test","media","success"
53.29,NA,91,3,70.4,14.29,"Gamma","auth","media","rolled_back"
62.83,9.6,83,4,53,8.78,"Delta","auth","media","success"
9.7,32.06,79,4,57.4,4.45,"Delta","api","alta","success"
17.4,33.56,83,2,NA,7.54,"Beta","auth","media","rolled_back"
83.89,20.83,85,3,58.6,30.05,"Gamma","db","media","success"
129.52,21.21,73,3,82.1,55.13,"Gamma","auth","baja","success"
20.95,63.39,88,1,67,NA,"Alpha","db","crítica","success"
34,11.67,93,4,83.7,6.24,"Gamma","ui","alta","success"
19.2,19.32,75,3,60.3,5.43,"Gamma","api","baja","success"
7.23,9.71,75,6,66.5,6.63,"Alpha","ui","media","rolled_back"
49.19,18.4,91,1,67.4,12.57,"Delta","db","alta","success"
17.61,7.47,74,4,53.4,NA,"Beta","auth","media","rolled_back"
45.56,8.71,78,2,63.1,8.96,"Delta","ui","alta","success"
85.53,16.96,89,6,65.8,6.8,"Delta","auth","baja","success"
22.85,8.4,106,2,55.3,23.45,"Beta","db","alta","success"
86.49,17.38,79,2,89.2,8.22,"Beta","api","alta","success"
23.26,27.67,83,6,76.5,7.45,"Delta","infra","media","failed"
108.12,10.33,90,2,71.2,6.93,"Alpha","db","media","success"
59.35,22.24,83,2,50.5,25.34,"Beta","api","crítica","failed"
36.16,9.72,82,3,57.5,10.88,"Beta","auth","alta","success"
46.38,10.85,104,2,82.2,6.58,"Gamma","auth","media","success"
32.09,16.77,92,7,100,6.18,"Delta","auth","media","success"
36.96,27.04,78,3,47.8,2.37,"Delta","db","media","success"
30.49,15.55,82,1,48.5,3.17,"Beta","ui","media","success"
20.03,15.75,81,3,72.6,4.91,"Beta","infra","media","success"
99.4,48.16,81,2,73.7,27.84,"Gamma","ui","media","success"
15.23,16.12,77,2,64,4.99,"Gamma","test","baja","success"
58.61,16.26,83,4,70.6,2.63,"Gamma","auth","alta","success"
132.73,10.53,109,7,100,25.84,NA,"infra","baja","rolled_back"
11.18,9.88,83,6,66.1,1.47,"Gamma","auth","crítica","success"
15.77,12.84,77,4,90.1,6.16,"Delta","ui","baja","rolled_back"
14.56,23.68,80,2,75.6,6.11,"Beta","ui","baja","rolled_back"
33.48,15.22,100,5,66.6,6.56,"Beta","ui","baja","success"
22.85,28.66,82,2,78,3.47,"Gamma","ui","media","success"
60.57,9.51,90,2,67.7,6.96,"Alpha","auth","alta","rolled_back"
76.24,14.22,81,1,71.8,2.01,"Delta","api","media","success"
106.97,15.13,75,3,45.3,6.65,"Delta","test","crítica","success"
24.36,16.88,81,3,67.3,5.51,"Alpha","db","baja","failed"
31.09,25.04,89,1,44.8,8.63,"Gamma","api","media","success"
32.57,23.26,100,2,88,24.95,"Alpha","infra","alta","success"
14.72,15.08,85,2,56.8,22.19,"Beta","db","media","rolled_back"
12.88,9.83,81,6,99.1,13.63,"Beta","auth","media","success"
14.06,4.53,98,3,93.7,3.34,"Gamma","infra","baja","success"
28.89,15.5,78,NA,NA,2.55,"Delta","auth","baja","success"
25.99,28.47,77,3,68.4,12.57,"Gamma","infra","media","success"
35.55,22.72,93,2,69.5,6.5,"Gamma","auth","baja","rolled_back"
27.62,29.14,72,3,64.7,13.76,"Alpha","ui","baja","success"
14.41,8.06,70,2,71.8,5.29,"Beta","auth","alta","failed"
8.55,12.69,86,4,78.6,4,"Beta","ui","baja","success"
15.05,18.39,NA,3,67.3,17.32,"Alpha","api","alta","success"
53.07,12.3,NA,1,77.7,4.11,"Alpha","db","alta","success"
11.94,20.22,91,1,77.3,12.07,"Delta","ui","alta","success"
40.76,26.09,72,1,83.1,4.23,"Delta","ui","alta","success"
22.2,16.86,107,3,81.8,4.89,"Gamma","test","alta","success"
24.26,4.49,74,3,NA,2.16,"Gamma","auth","alta","success"
50.36,14.34,79,3,91.4,2.58,"Alpha","db","media","success"
NA,32.09,96,3,77.6,8.29,"Alpha","auth","media","success"
51.86,15.96,90,NA,80,4.06,"Beta","api","crítica","failed"
85.77,13.3,90,5,47.5,42.22,"Beta","api","baja","failed"
75.25,13.13,NA,3,68.7,15.06,"Gamma","db","baja","success"
16.82,23.4,62,4,79.7,5.32,"Beta","ui","alta","success"
37.84,17.66,98,4,95.3,2.7,"Gamma","db","baja","failed"
39,32.94,80,2,50.4,13.36,"Beta","db","alta","success"
14.01,30.53,94,5,88.2,7.27,"Alpha","ui","alta","rolled_back"
25.19,17.18,81,1,47.6,3.08,"Gamma","auth","media","rolled_back"
65.09,3.33,106,3,70.1,20.12,"Delta","ui","alta","failed"
57.14,89.37,99,2,71.5,6.02,"Alpha","db","media","success"
38.59,64.64,65,2,60.9,12.4,"Alpha","api","crítica","success"
40.78,11.34,95,3,NA,10.22,"Beta","api","alta","success"
22.02,18.77,86,5,80.3,9.14,"Alpha","infra","baja","success"
47.9,14.87,63,2,65.4,12.79,"Alpha","auth","baja","failed"
43.04,71.23,77,4,90.9,5.17,"Delta","api","media","success"
36.97,5.33,86,1,77.5,15.91,"Beta","test","media","success"
78.39,7.38,98,3,64.1,16.01,"Gamma","db","media","failed"
22.95,25.23,69,3,55,44.42,"Beta","ui","media","success"
17.73,14.54,74,1,64.4,2.39,"Beta","api","baja","failed"
34.79,20.39,88,0,52.5,15.13,"Alpha","auth","alta","rolled_back"
21.74,27.26,86,1,59.5,13.49,"Beta",NA,"baja","success"
14.58,16.78,93,2,89.5,17.2,"Alpha","ui","media","failed"
10.22,33.7,72,2,63.4,13.98,"Alpha","db","alta","failed"
29.56,16.11,101,4,84.6,15.83,"Gamma","auth","alta","rolled_back"
82.49,10.92,96,2,62.6,7.7,"Alpha","api","media","success"
48.91,32.98,89,5,79.9,4.65,"Gamma","ui","crítica","rolled_back"
52.56,5.86,82,2,40.9,12.9,"Beta","infra","crítica","success"
49.59,16.27,92,NA,56.3,8.14,"Gamma","api","baja","success"
13.77,3.26,100,2,57.6,8.87,"Beta","db","media","success"
13.24,12.27,80,5,75,5.81,"Gamma","api","crítica","success"
48.15,9.63,91,3,80.5,4.58,"Beta","test","alta","success"
25.93,26.77,75,6,67.4,2.43,"Delta","api","media","success"
NA,24.84,99,3,73.2,8.1,"Alpha","infra","baja","success"
17.21,NA,105,0,63.9,3.05,"Beta","db","alta","failed"
22.08,21.78,88,4,NA,9.07,"Gamma","db","media","success"
102.84,4.21,76,2,72.3,25.77,"Gamma","test","alta","rolled_back"
13.82,16.39,95,3,75.7,4.49,"Beta","infra","baja","rolled_back"
42.03,8.24,69,4,58,7.03,"Gamma","api","crítica","success"
28.6,13.58,65,2,43.5,19.33,"Beta","db","media","failed"
117.64,12.64,84,6,84,7.88,"Beta","infra","baja","success"
13.13,41.05,95,5,79.1,3.69,"Beta","ui","media","success"
14.77,10.12,76,2,72.2,10.54,"Alpha","db","alta","success"
19.93,8.71,84,0,67.6,3.83,"Gamma","ui","baja","success"
9,17.26,93,3,83.2,4.6,"Delta","api","media","failed"
24.53,19.69,82,5,97.5,15.14,"Beta","ui","alta","success"
14.07,6.82,81,5,65.1,5.65,"Alpha","db","baja","success"
19.34,38.48,74,4,68.6,11.01,"Delta","api","alta","success"
85.71,6.91,92,1,51.2,8.34,"Delta","ui","media","success"
34.55,17.39,69,3,63.9,16.01,"Beta","ui","media","success"
71.02,35.33,88,1,100,NA,"Alpha","ui","media","success"
31.95,11.32,101,3,95.3,8.52,"Gamma","ui","baja","rolled_back"
18.64,36.14,96,2,70.7,11.97,"Gamma","auth","crítica","success"
36.67,22.08,73,4,65.5,3.65,"Alpha","auth","alta","success"
27.22,6.52,84,2,64.1,4.22,"Beta","api","media","success"
52.52,12.23,98,1,64,15.87,"Alpha","infra","media","failed"
18.53,19.4,98,3,71.6,18.09,"Gamma","ui","baja","rolled_back"
41.26,17.75,75,2,87.4,15.4,"Beta","auth","crítica","success"
17.18,16.58,97,3,76.9,4.62,"Beta","test","alta","success"
47.96,26.78,83,3,63.3,1.33,"Delta","test","baja","success"
26.17,12.68,85,3,59.2,3.2,"Alpha","db","baja","failed"
71.8,14.25,94,0,61.7,1.87,"Delta","api","alta","success"
31.38,20.39,87,2,68.2,6.36,"Beta","db","media","success"
46.31,6.16,96,4,81.1,5.9,"Beta","ui","baja","failed"
79.59,25.24,79,2,64.6,16.53,"Beta","ui","media","success"
52.99,5.39,72,2,78.7,4.11,"Gamma","db","media","success"
36.88,41.25,85,2,82.9,9.64,"Alpha","ui","alta","success"
NA,17.02,93,4,72.2,7.91,"Delta","infra","baja","failed"
44.79,10.11,67,5,42.7,19,"Gamma","auth","media","success"
12.47,32.25,95,3,61.3,15.69,"Alpha","api","baja","rolled_back"
64.49,8.22,81,6,55.4,3.61,"Gamma","db","media","success"
21.44,28.9,92,5,97.4,16.11,"Beta","api","baja","failed"
39.82,17.2,90,2,62.6,12.69,"Delta","infra","media","success"
17.11,45.01,81,1,57,2.19,"Gamma","db","crítica","success"
36.35,12.44,79,7,58.5,8.12,"Delta","api","media","success"
34.26,24.67,80,3,77.8,1.37,"Gamma","auth","crítica","failed"
30.79,9.61,87,2,79.3,10.23,"Delta","db","alta","rolled_back"
23.98,9.23,91,2,52.1,15.7,"Alpha","auth","media","success"
12.02,39.17,90,5,72.4,6.81,"Alpha","test","media","failed"
207.07,16.82,78,4,59.3,NA,"Gamma","api","crítica","failed"
15.01,10.87,80,3,77.9,4.06,"Gamma","test","baja","success"
51.55,26.92,88,5,75.9,14.97,"Alpha","infra","crítica","rolled_back"
17.81,17.34,91,3,77,4.14,"Beta","infra","media","success"
13.44,14.81,81,3,63.9,10.83,"Beta","api","media","rolled_back"
92.6,9.47,96,3,91.2,13.54,"Alpha","auth","media","success"
23.54,32.64,79,3,55.8,10.25,"Delta","api","media","success"
29.73,18.73,80,1,73.1,9.22,"Gamma","api","alta","success"
127.26,15.26,89,2,73.2,11.62,"Alpha","test","baja","failed"
55.31,6.54,91,2,42.7,19.62,"Gamma","infra","alta","success"
41.61,24.18,98,4,77.5,5.81,"Beta","auth","crítica","rolled_back"
23.39,49.95,92,3,70.6,3.63,"Alpha","db","alta","success"
27.71,17.25,85,3,63.5,16.07,"Alpha","infra","baja","success"
27.73,NA,81,1,76.4,1.3,"Beta","infra","media","failed"
25.13,13.12,93,2,73.9,2.46,"Gamma","db","media","success"
90.83,13.7,75,3,39.6,25.05,"Delta","test","media","success"
32.83,16.1,87,2,98,5.8,"Beta","db","media","rolled_back"
19.34,22.78,94,3,65.7,9.78,"Delta","api","alta","success"
63.39,43.33,94,2,91.4,6.4,"Gamma","api","alta","failed"
36.14,25.02,80,1,80.9,26.42,"Alpha","infra","media","success"
9.09,17.69,72,5,100,6.94,"Gamma","infra","crítica","success"
17.38,14.76,78,4,68.1,7.43,"Beta","ui","alta","success"
22.18,29.25,68,1,66.4,3.24,"Alpha","auth","alta","success"
44.44,21.61,94,4,88.7,2.87,"Delta","test","baja","success"
19.09,9.96,97,1,96.3,13.45,"Delta","infra","baja","rolled_back"
32.52,25.79,84,2,70.7,11.78,"Alpha","db","media","success"
NA,8.75,93,1,70.6,6.58,"Beta","ui","alta","success"
74.05,6.71,86,1,83.9,2.44,"Alpha","auth","media","success"
NA,18.49,76,6,95.2,2.09,"Alpha","api","media","success"
30.92,132.98,89,1,60.5,7.45,"Gamma","auth","media","success"
15.94,28.01,73,4,99,11.89,"Delta","infra","crítica","failed"
26.24,8.23,70,3,NA,4.98,"Alpha","db","alta","rolled_back"
59.23,8.77,91,5,74.4,3.75,"Gamma","ui","alta","failed"
18.71,24.17,87,3,51.8,6.74,"Beta","api","crítica","failed"
23.59,9.57,94,1,82,4.2,"Delta","db","crítica","failed"
27.23,22.81,86,4,80.4,9.27,"Beta","infra","media","success"
7.68,20.12,81,0,65.5,10.46,"Alpha","auth","crítica","success"
33.81,13.21,78,2,56,8.6,"Alpha","api","alta","rolled_back"
7.22,7.47,87,7,79.8,5.13,"Beta","api","media","success"
104.37,40.75,90,4,84.5,4.1,"Delta","ui","media","failed"
31.36,6.19,111,6,62.9,11.69,"Beta","api","baja","success"
23.58,12.47,68,4,83,7.1,"Gamma","db","media","rolled_back"
28.12,6.92,95,2,76.1,7.07,"Delta","auth","media","failed"
52.44,16.61,73,2,70.7,12.36,"Gamma","ui","alta","success"
28.99,11.02,74,0,67.2,3.6,"Alpha","ui","crítica","failed"
38.13,20.37,86,5,68.3,2.36,"Gamma","api","media","success"
46.85,16.64,84,1,91.5,18.46,"Delta","api","media","success"
21.54,21.78,92,2,94.6,41.13,"Alpha","ui","media","failed"
21.67,36.22,87,3,60.5,7.71,"Gamma","auth","baja","success"
NA,50.76,95,2,52.9,22.19,"Beta","db","alta","success"
38.19,7.27,90,2,56.5,12.35,"Delta","infra","baja","success"
40.67,21.28,82,1,81.3,4.84,"Alpha","test","crítica","success"
118.24,12.81,93,2,100,4.3,"Delta","test","crítica","failed"
44.11,65.65,79,5,66.1,23.92,"Alpha","api","alta","success"
9.83,14.34,92,1,91.7,3.66,"Delta","auth","alta","rolled_back"
89.68,7.8,62,3,33.7,6.25,"Gamma","api","media","success"
6.67,37.94,81,6,67.8,6.8,"Alpha","auth",NA,"success"
36.67,34.71,86,3,85.6,7.23,"Alpha","test","media","failed"
NA,27.14,94,0,69.6,4.34,"Alpha","api","baja","success"
27.76,31.56,76,2,82.6,28.98,"Beta","db","media","failed"
15.9,13.8,69,0,62.1,2.5,"Gamma","db","baja","success"
30.66,5.96,88,4,75,NA,"Beta","api","baja","success"
32.19,29.74,90,3,75,3.51,"Delta","infra","media","success"
27.08,9.44,82,4,94.9,1.43,"Gamma","infra","baja","success"
24.99,47.94,86,4,81.1,9.89,"Gamma","auth","alta","success"
30.19,6.93,81,5,70.7,5.51,"Gamma","ui","media","success"
11.09,12.11,93,NA,58.7,3,"Alpha","test","alta","success"
87.04,12.32,75,5,95.4,16.78,"Gamma","test","media","success"
57.02,41.93,96,2,66.2,12.8,"Alpha","api","media","rolled_back"
23.54,12.65,73,5,56.5,4.89,"Delta","db","baja","rolled_back"
22.29,26.71,76,4,73.9,5.67,"Beta","ui","crítica","success"
31.61,17.83,71,8,98.9,14.08,"Gamma","ui","media","rolled_back"
37.44,6.19,98,4,60.3,9.73,"Beta","api","alta","success"
35.69,24.32,73,5,80.2,55.69,"Alpha","test","baja","success"
15.43,10.3,83,3,47.9,5.53,"Delta","api","alta","success"
56.84,91.36,77,6,29.9,9.33,"Delta","test","crítica","rolled_back"
50.87,10.87,83,1,80.1,6.22,"Beta","api","alta","failed"
30.9,11.92,85,4,46.9,5.55,"Gamma","ui","alta","success"
34.51,28.15,70,0,100,23.51,"Gamma","auth","media","failed"
31.83,14.48,82,5,79.5,12.61,"Beta","api","crítica","success"
39.09,13.22,94,3,77.4,6.61,"Gamma","ui","baja","success"
29.79,8.37,91,2,81.9,5.88,"Gamma","db","crítica","success"
81.41,21.08,80,4,83.2,15.02,"Delta","api","alta","success"
11.31,11.2,77,1,70.7,11.59,"Alpha","db","baja","failed"
54.37,10.61,90,0,77.3,10.83,"Delta","api","baja","rolled_back"
48.52,14.91,89,4,NA,4.21,"Delta",NA,"crítica","failed"
21.82,20.75,68,3,64.9,13.69,"Delta","db","media","rolled_back"
17.6,13.6,77,1,80.8,3.7,"Gamma","test","media","success"
33.2,11.75,83,2,48.4,14.73,"Alpha","auth","media","failed"
42.8,13.33,87,2,66.3,5.05,"Gamma","ui","baja","success"
520.3,14.06,94,4,100,7.77,"Gamma","auth","alta","success"
28.79,4.97,97,3,68.8,12.11,"Beta","test","crítica","success"
53.06,23.76,NA,4,74.6,8.99,"Delta","db","alta","success"
12.67,14.65,87,0,58.9,6.47,"Alpha","test","media","success"
16.49,7.81,86,4,66.5,12.54,"Delta","api","crítica","success"
21.88,3.94,75,3,44.2,8.11,"Alpha","auth","baja","success"
27.73,15.17,79,2,78.5,5.16,"Gamma","ui","crítica","failed"
30.92,50.76,88,4,38.8,5.35,"Beta","test","media","success"
21.29,13.37,69,9,80.2,3.05,"Alpha","api","alta","failed"
42.94,19.09,75,6,73.7,12.22,"Gamma","db","media","success"
80.13,11.93,101,3,82.3,15.17,"Beta","auth","alta","failed"
20.16,19.47,93,4,83,11.2,"Alpha","auth","alta","failed"
23.44,12.22,76,2,77.2,2,"Beta","test","alta","failed"
8.69,16.02,75,1,83.8,23.73,"Beta","db","alta","success"
25.23,16.05,96,2,84.9,24.47,"Alpha","infra","baja","failed"
50.39,10.94,91,1,65.5,3.5,"Beta","test","alta","success"
21.04,6.27,87,1,80.7,1.75,"Beta","ui","alta","success"
12.19,32.96,91,4,58.3,4.85,"Beta","api","alta","success"
13.2,72.01,80,2,78.6,9.53,"Beta","api","baja","success"
51.38,23.22,90,3,64.9,5.33,"Gamma","api","media",NA
72.89,11.18,87,4,72.3,13.04,"Beta","auth","baja","success"
18.9,11.82,98,6,75.5,1.59,"Beta","api","baja","success"
59.76,36.04,86,4,86.6,9.32,"Alpha","db","crítica","success"
20.5,13.06,92,2,41.3,5.64,"Delta","api","alta","success"
17.36,7.53,92,6,43.1,4.89,"Beta","test","crítica","success"
71.22,11.15,91,2,61.5,NA,"Delta","db","baja","success"
82.99,4.93,82,1,74.2,2.93,"Beta","test","alta","success"
29.18,13.92,89,2,63.5,0.93,"Beta","api","alta","rolled_back"
12.92,17.56,84,4,85.3,3.68,"Beta","api","baja","success"
36.83,30.24,86,5,70.5,2.86,"Delta","infra","media","success"
13.21,15.24,74,3,91.8,5.01,"Alpha","ui","alta","success"
38.5,49.25,82,2,71.1,2.81,"Gamma","auth","media","success"
77.14,29.13,87,0,83.8,14.68,"Alpha","infra","baja","success"
28.62,11.47,86,3,48.4,5.24,"Gamma","auth","media","rolled_back"
30.06,10.8,80,2,91.1,14.78,"Gamma","auth","alta","success"
8.68,20.35,80,2,63.9,10.29,"Gamma","infra","alta","failed"
21.97,25.81,82,3,100,2.99,"Alpha","ui","media","rolled_back"
91.31,24.37,73,1,67.7,9.13,"Beta","ui","baja","failed"
12.21,11.61,78,3,56,NA,"Gamma","auth","alta","failed"
41.84,12.19,93,1,83.3,14.21,"Delta","db","alta","success"
18.2,6.82,91,2,80,5.13,"Alpha","api","alta","rolled_back"
16.19,6.36,100,0,34.1,16.87,"Beta","db","crítica","success"
91.93,34.66,98,1,64,8.48,"Alpha","auth","alta","failed"
7.41,3.23,81,3,99.4,3.1,"Gamma","api",NA,"success"
105.82,7.77,87,NA,94.7,NA,"Beta","db","crítica","success"
13.36,7.74,74,2,47.5,7.85,"Delta","infra","crítica","success"
11.85,5.95,97,2,76.1,4.22,"Alpha","db","baja","success"
40.7,22.01,NA,2,83.8,5.47,"Gamma","api","baja","success"
36.18,22.54,101,2,100,4.79,"Alpha","test","baja","rolled_back"
17.61,26.17,79,3,79.1,NA,"Delta","auth","baja","success"
13.46,54.16,68,1,100,39.18,"Alpha","auth","media","success"
16.36,16.19,86,4,76.3,7.65,"Gamma","test","crítica","failed"
72.53,7.51,63,3,67.4,5.9,"Delta","auth","alta","success"
29.71,9.1,78,5,58.6,8.29,"Delta","auth","baja","failed"
89.25,76.33,80,5,54.4,3.33,"Alpha","api","alta","rolled_back"
53.87,14.96,92,3,72.4,8.24,"Beta","auth","media","rolled_back"
45.77,15.95,85,4,79.4,3.57,"Beta","api","crítica","failed"
71.4,11.7,79,2,65.5,1.87,"Gamma","test","alta","success"
21.1,8.94,95,4,63.5,2.66,"Alpha","ui","media","failed"
54.19,15.25,85,3,93.7,11.1,"Beta","ui","media","success"
58.23,30.79,81,3,78,6.48,"Beta","test","crítica","success"
20.42,15.22,77,2,77.6,4.56,"Beta","api","baja","success"
159.46,9.48,88,4,78.6,NA,"Delta","infra","crítica","success"
55.23,41.22,71,5,74.9,3.9,"Beta","infra","media","success"
38.66,11.52,90,5,65.8,17.37,"Gamma","api","baja","failed"
43.53,15.33,92,2,90.7,NA,"Alpha","api","alta","success"
38.19,12.82,77,1,76.7,1.13,"Gamma","api","baja","success"
90.88,27.74,87,1,49.8,6.72,"Beta","auth","crítica","rolled_back"
24.64,19.93,88,4,86.7,7.71,"Alpha","db","media","failed"
52.53,15.55,89,3,79.8,7.79,"Gamma","ui","baja","failed"
17.53,7.12,79,1,39.4,9.7,"Beta","db","media","success"
6.91,33.68,90,8,69.2,6.4,"Alpha","auth","media","success"
13.8,23.03,113,3,83.1,18.22,"Gamma","api","baja","success"
84.24,17.98,105,6,55.2,2.13,"Gamma","test","baja","success"
70.32,10.11,76,0,48.2,26.36,"Beta","api","alta","rolled_back"
27.86,9.24,86,0,84,15.46,"Delta","db","media","success"
40.39,5.66,81,3,84.7,1.11,"Beta","auth","alta","rolled_back"
11.32,15.61,91,7,83.2,6.03,"Gamma","test","baja","rolled_back"
32.51,14.04,71,1,88.3,3.67,"Alpha","test","media","rolled_back"
35.56,14.55,96,5,83.9,13.86,"Gamma","ui","media","success"
18.45,30.46,102,3,57.9,1.02,"Beta","db","alta","success"
38.06,31.62,92,2,68.9,7.11,"Gamma","db","media","success"
23.29,15.33,85,0,77.2,5.87,"Gamma","infra","alta","rolled_back"
29.78,16.92,91,4,51.6,18.99,"Gamma","db","baja","success"
19.99,13.18,95,5,92.8,13.53,"Delta","infra","media","success"
36.05,33.05,75,4,76.9,9.33,"Beta","test","media","failed"
68.63,47.28,89,6,55.1,3.11,"Beta","infra","alta","failed"
49.83,9.46,95,2,67.8,3.21,"Delta","api","crítica","success"
25.44,12.89,84,1,65.7,2.96,"Alpha","auth","crítica","success"
41.35,14.48,91,4,64.5,5.89,"Gamma","api","alta","success"
23.61,21.43,72,1,55.3,20.91,"Alpha","infra","media","rolled_back"
9.79,16.19,92,2,88.3,4.54,"Beta","auth","crítica","success"
9.04,20.84,89,1,37,15.56,"Gamma","db","media","rolled_back"
NA,19,85,0,64.9,1.04,"Beta","api","media","success"
46.3,5.25,89,3,80,4.81,"Delta","api","media","success"
81.34,16.97,91,3,69.3,9.84,NA,"api","alta","failed"
30.98,12.26,80,6,52.9,15.29,"Alpha","db","alta","rolled_back"
19.47,11.18,86,3,56.4,9.19,"Alpha","test","media","rolled_back"
63.93,11.83,87,NA,89,9,"Beta","ui","baja","failed"
41.94,68,85,2,71,2.61,"Gamma","db","crítica","failed"
111.88,29.27,79,3,59.8,3.7,"Gamma","db","media","success"
47.69,21.75,83,5,65.1,7.86,"Delta","api","media","failed"
51.92,11.16,97,3,68,6.22,"Beta","ui","media","success"
72.44,62.02,83,3,54.4,14.97,"Alpha","api","alta","failed"
61.27,12.06,75,2,53.5,1.98,"Alpha","auth","alta","success"
16.33,4.67,103,2,62.9,3.02,"Gamma","auth","media","success"
79.55,16.69,81,1,65.5,3.2,"Alpha","api","media","failed"
29.6,53.24,78,0,48.2,30.4,"Beta","ui","alta","success"
73.64,5.65,93,2,82.7,54.25,"Gamma","db","alta","failed"
51.35,16.78,77,4,26.3,4.1,"Beta","infra","baja","success"
27.75,4.48,81,3,83.8,25.06,"Beta","ui","alta","success"
42.17,28.21,95,4,69.8,3.18,"Gamma","auth","crítica","failed"
29.2,17.92,83,4,48.7,15.86,"Delta ","auth","alta","success"
76.3,12.06,76,1,86.5,12.07,"Beta","db","alta","success"
21.9,13,87,1,80,1.15,"Beta","test","media","failed"
55.77,20.55,80,3,35.4,3.69,"Delta","ui","media","success"
6.61,13,82,2,94.9,19.08,"Alpha","auth","media","success"
18.79,23.73,78,4,100,30.21,"Alpha","db","media","success"
NA,11.32,93,3,81.7,4.4,"Beta","auth","media","rolled_back"
13.34,20.74,93,4,NA,10.48,"Delta","infra","crítica","rolled_back"
NA,17.76,108,2,88.7,5.64,"Alpha","api","baja","success"
21.31,15.67,80,2,71.5,27.37,"Beta","db","media","failed"
9.71,NA,92,2,53.9,1.69,"Delta","test","alta","failed"
20.11,7.56,80,1,NA,5.13,"Beta","auth","alta","rolled_back"
66.58,7.31,96,2,62.4,22.24,"Alpha","auth","alta","rolled_back"
9.29,10.82,77,2,70.1,30.96,"Beta","api","baja","failed"
22.31,14.49,87,4,79.5,14,"Delta","ui","media","rolled_back"
48.56,10.82,86,4,68.3,5.78,"Alpha","db","media","success"
12.83,35.24,89,2,93.3,21.23,"Beta","db","media","rolled_back"
40.16,16.49,84,2,60.4,4.47,"Beta","db","baja","success"
40.24,28.58,93,3,93.1,1.75,"Alpha","test","baja","success"
42.26,11.37,73,1,56.2,3.59,"Alpha","auth","alta","rolled_back"
83.23,17.15,89,3,45.7,14,"Delta","db","media","rolled_back"
25,32.9,69,5,81.3,2.71,"Beta","test","media","success"
24.8,11.72,79,0,77.2,3.3,"Delta","api","alta","success"
19.91,20.88,74,3,69.5,9.47,"Beta","test","baja","success"
84.78,18.49,74,2,83.8,8.61,"Delta","infra","media","success"
20.18,13.67,65,2,86.2,4.83,"Beta","auth","media","failed"
57.17,13.65,83,1,72.3,0.91,"Beta","test","alta","success"
39.77,19.32,75,8,58.1,12.19,"Gamma","ui","baja","success"
36.06,6.86,84,4,62.1,1.74,"Beta","api","alta","rolled_back"
160.07,10.86,99,1,NA,3.04,"Alpha","ui","media","rolled_back"
45.57,15.36,74,1,57.7,30.43,"Delta","ui","baja","success"
23.38,21.47,79,0,82.7,2.53,"Gamma","infra","baja","success"
NA,46.92,85,1,80,12.92,"Beta","infra","baja","failed"
29.96,9.92,82,2,71.8,20.97,"Gamma","api","media","success"
157.23,19.75,84,5,74.1,4.57,"Alpha","api","alta","success"
9.06,15.57,80,1,73.2,2.01,"Gamma","db","media","success"
89.65,14.91,86,2,53.5,3.98,"Alpha","auth","media","success"
55.85,15.47,103,3,73.7,1.46,"Delta","ui","media","rolled_back"
NA,6.04,74,3,91.2,7.18,"Alpha","ui","media","success"
NA,15.09,85,2,54.7,3.08,"Delta","ui","baja","success"
252.49,12.97,94,8,91.9,5.78,"Gamma","infra","alta","success"
44.6,14.61,77,3,89.1,3.7,"Delta","ui","media","success"
150.57,17.6,90,6,38.5,20.02,"Alpha","api","media","success"
12.4,41.33,83,2,46.5,25.58,"Beta","api","alta","success"
28.76,20.85,81,4,77.2,9.99,"Beta","db","alta","success"
26.75,10.38,85,3,94.8,32.06,"Delta","db","media","success"
67.63,23.57,85,6,80.7,5.22,"Delta","ui","media","rolled_back"
24.59,52.4,103,0,84.1,5.33,"Gamma","ui","media","rolled_back"
87.48,37.36,89,1,70,5.5,"Alpha","auth","baja","rolled_back"
21.94,13.06,90,3,50.5,2.99,"Beta","auth","alta","failed"
31.71,3.97,80,1,95.9,26.46,"Beta","infra","alta","rolled_back"
67.34,20.13,102,4,52.4,18.86,"Delta","infra","crítica","failed"
97.69,59.52,98,6,NA,6.51,"Alpha","infra","crítica","rolled_back"
30.98,29.02,96,6,68.5,5.99,"Gamma","api","alta",NA
10.82,47.4,89,0,91.5,14.23,"Gamma","api","media","success"
18.4,17.72,83,3,71.5,28.83,"Beta","api","media","success"
43.92,25.96,97,2,75.7,9.95,"Alpha","db","media","failed"
23.1,5.05,85,4,66.8,5.82,"Beta","api","crítica","success"
119.51,18.37,80,4,62.2,6.72,"Alpha","db","alta","success"
118.16,32.68,89,3,62.4,12.38,NA,"db","media","failed"
14.85,35.73,86,3,70,12.67,"Alpha","infra","media","success"
9.66,25.05,82,5,85.6,3.18,"Gamma","auth","alta","success"
19.25,15.5,86,4,55.2,6.71,"Beta","test","baja","failed"
25.81,10.33,83,5,90.7,7.47,"Alpha","api","alta","success"
10.34,35.03,82,2,99.5,14.35,"Beta","test","media","rolled_back"
10.26,4.02,81,2,63.4,5.75,"Beta","auth","baja","success"
36.69,12.84,89,5,32.7,NA,"BETA","test","baja","success"
15.54,89.53,83,5,50.1,7.8,"Alpha","db","alta","rolled_back"
35.27,11.76,85,3,58.9,2.39,"Alpha","infra","baja","success"
21.86,5.47,84,3,74.8,3.66,"Delta","api","alta","success"
44.52,48.98,96,2,79.9,5.01,"Delta","ui","crítica","success"
50.36,27.14,101,0,100,21.44,"Alpha","api","media","success"
55.27,11.5,84,3,50.5,2.54,"Alpha","ui","media","rolled_back"
NA,18.44,64,4,100,37.13,"Beta","auth","media","success"
116.99,9.4,85,7,93.1,12.26,"Beta","api","alta","success"
10.35,30.18,74,8,92.9,9.95,"Gamma","ui","crítica","success"
36.69,16.49,81,3,49.4,6.41,"Beta","auth","baja","failed"
18.02,11.15,85,4,76.6,12.63,"Delta","test","alta","success"
22.71,22.82,81,6,81,31.93,"Delta","test","crítica","failed"
NA,19.65,70,4,58.8,4.99,"Alpha","api","alta","failed"
79.59,6,94,2,70,8.89,"Gamma","api","baja","success"
17.83,25.94,79,1,80.2,1.34,"Beta","test","media","success"
51.63,47.56,92,2,63.3,42.31,"Delta","api","media","success"
44.93,12.8,96,5,73.4,19.17,"Alpha","db","alta","success"
120.78,24.54,94,2,100,9.73,"Delta","db","media","success"
60.93,18.78,78,5,52.6,37.32,"Alpha","api","alta","success"
7.28,20.48,84,2,79.2,4.96,"Gamma","db","alta","success"
58.56,14.93,81,2,84.5,5.07,"Delta","api","media","success"
76.25,25.02,78,0,58.7,15.7,"Gamma","api","crítica","failed"
18.07,7.53,95,6,83.5,10.94,"Gamma","ui","alta","failed"
56.65,15.19,101,1,82.3,5.82,"Beta","db","media","success"
9.23,20.16,91,0,40.8,4.64,"Alpha","api","baja","rolled_back"
25.08,27.68,84,2,94.9,3.7,"Delta","test","media","failed"
34.92,44.65,80,2,44.4,1.24,"Alpha","api","alta","success"
44.57,9.92,80,1,74.2,6.62,"Beta","auth","crítica","success"
45.92,21.6,84,1,71.7,5.68,"Alpha","infra","baja","success"
63.43,14.12,92,2,81,8,"Beta","api","media","success"
21.2,15.71,94,4,76.9,4.8,"Delta","ui","alta","failed"
13.78,36.1,83,2,66.4,15.95,"Alpha","api","media","success"
56.92,6.57,84,5,61.4,2.5,"Alpha","api","alta","success"
32.19,13.2,84,2,84.9,1.86,"Delta","ui","alta","rolled_back"
18,18.47,74,4,70.3,5.85,"Gamma","api","crítica","success"
69.82,11.42,69,9,NA,5.41,"Beta","db","crítica","success"
28.48,18.91,82,2,99.6,6.18,"Beta","api","crítica","success"
49.6,NA,85,2,65,9.69,"Alpha","ui","alta","success"
27.91,13.31,80,2,62.4,7.8,"Gamma","api","alta","failed"
61.24,33.87,98,2,72.8,17.45,"Beta","ui","media","success"
71.08,12.32,82,0,51.7,13.26,"Beta","ui","alta","rolled_back"
21.06,48.51,85,1,68.7,18.3,"Gamma","auth","baja","success"
31.14,22.03,86,1,76.5,5.25,"Alpha","infra","media","failed"
60.22,19.39,77,2,64.9,1.93,"Gamma","auth","alta","success"
54.12,37.2,96,3,71.1,17.18,"Beta","auth","media","success"
36.75,53.73,85,3,67.7,4.81,"Alpha","infra","alta","success"
26.9,17,74,2,66.6,8.89,"Beta","auth","media","success"
56.45,7.15,65,2,84.1,3.86,"Gamma","db","media","success"
15.75,17.06,92,5,96.6,76.41,"Gamma","auth","media","success"
14.92,NA,93,0,70.3,4.85,"Alpha","db","alta","success"
11.4,33.84,80,5,98.4,5.35,"Beta","auth","media","success"
57.96,56.36,81,2,66.5,3.06,"Beta","ui","alta","success"
121.79,24.22,70,3,74.3,2.83,"Alpha","db","media","rolled_back"
44.24,88.93,78,5,60,3.71,"Alpha","test","media","rolled_back"
84.57,14.16,89,6,81,4.97,"Gamma","ui","alta","failed"
64.97,19.56,81,5,81.3,9.8,"Alpha","api","crítica","failed"
19.15,16.53,75,4,88.2,23.6,"Alpha","infra","baja","success"
36.75,6.65,96,4,64.5,18.16,"Beta","ui","media","failed"
14.37,22.96,79,3,73.6,6.97,"Alpha","api","baja","success"
64.75,9.52,76,5,72.7,5.98,"Beta","infra","alta","success"
60.4,19.8,80,3,93.4,16.69,NA,"db","media","success"
42.11,27.61,86,6,75.6,6.43,"Gamma","test","alta","failed"
30.19,37.01,85,6,78.3,7.94,"Alpha","db","crítica","success"
44.85,14.14,83,4,62.5,8.28,"Alpha","auth","media","success"
11.76,55.91,75,3,68.1,37.57,"Beta","test","alta","success"
40.88,12.62,91,4,72.1,6.2,"Delta","auth","media","failed"
153.85,6.89,79,5,82.1,20.38,"Delta","ui","crítica","success"
19.23,7.79,77,6,72.1,7.13,"Alpha","auth","media","success"
10.76,8.36,77,2,45.3,10.6,"Beta","ui","alta","success"
NA,13.79,83,6,44.3,2.77,"Beta","ui","alta","success"
69.63,14.82,102,3,51.5,3.67,"Beta","ui","media","success"
37.21,18.36,85,2,52.9,8.25,"Alpha","api","baja","success"
17.72,16.89,79,1,48.6,9.27,"Alpha","auth","media","rolled_back"
15.41,23.86,80,2,56.6,8.39,"Beta","ui","crítica","success"
21.79,10.86,74,2,48,3.59,"Beta","api","crítica","failed"
82.87,12.84,86,1,79.1,6.36,"Alpha","db","crítica","success"
49.6,33.49,100,1,72.9,10.64,"Alpha","ui","baja","success"
18.7,26.67,80,4,66.3,2.44,"Beta","infra","media","rolled_back"
64.04,13.93,NA,1,69.4,9.83,"Gamma","api","crítica","success"
19.37,12.4,75,0,47.9,NA,"Gamma","api","baja","failed"
26.56,25.32,85,2,91.1,11.56,"Alpha","auth","media","failed"
58.07,11.67,95,4,81.9,4.84,"Gamma","ui","baja","rolled_back"
62.49,7.15,93,3,64.8,NA,"Gamma","test","baja","success"
6.99,17.09,79,1,89.4,8.35,"Delta","test","media","rolled_back"
95.06,15.17,91,5,33.8,1.55,"Gamma","api","baja","success"
50.58,20.78,95,1,87.9,7.85,"Alpha","test","alta","success"
29.34,16.52,81,4,70.4,3.38,"Gamma","auth","alta","rolled_back"
15.56,14.65,84,2,68.2,1.65,"Alpha","ui","media","success"
26,8.64,94,7,51,3.8,"Gamma","auth","media","rolled_back"
27.7,23.59,84,6,93.6,4.49,"Alpha","infra","baja","success"
16.64,16.51,92,2,75.3,4.97,"Beta","db","crítica","rolled_back"
38.05,17.27,82,4,90.8,3.54,"Beta","auth","baja","success"
67.57,5.84,72,2,NA,16.11,"Gamma","auth","baja","success"
65.99,30.77,78,8,90,2.28,"Alpha","ui","media","rolled_back"
13.43,18.9,87,4,93.6,7.65,"Alpha","api","alta","rolled_back"
26.1,11.84,81,3,67.8,7.95,"Alpha","ui","media","success"
13.79,26.07,80,3,100,1.94,"Alpha","infra","alta","failed"
42.99,7.83,92,3,75.5,11.1,"Alpha","api","crítica","success"
35.13,20.5,85,3,70.5,8.24,"Alpha","ui","media","success"
85.29,9.18,89,4,52.2,NA,"Alpha","api","crítica","success"
17.06,12.69,93,3,76.9,5.4,"Beta","api","media","failed"
11.41,24.44,97,4,52.8,15.31,"Beta","ui","alta","success"
19.76,12.08,74,1,76.4,10.11,"Alpha","db","baja","rolled_back"
59.45,11.97,71,7,92.2,10.2,"Gamma","test","alta","success"
44.24,90.3,73,3,54,9.2,"Delta","auth","alta","success"
76.7,16.23,97,1,59.7,3.63,"Beta","ui","alta","success"
25.11,31.33,80,2,92,13.35,"Gamma","auth","media","rolled_back"
17.98,19.5,84,2,77.4,5.07,"Alpha","api","alta","success"
216,NA,90,4,100,9.03,"Gamma","ui","baja","rolled_back"
22.84,5.1,80,4,88.2,6.48,"Alpha","ui","media","success"
24.82,13.25,75,2,78.9,5.41,"Beta","infra","baja","success"
104.45,24.82,77,3,82.7,6.27,"Gamma","api","alta","failed"
8.44,40.74,91,3,73.2,7.79,"Delta","test","baja","success"
27.54,21.68,99,1,63.8,9.23,"Gamma","db","media","failed"
47.39,6.07,74,3,60.1,3.75,"Alpha","ui","media","success"
99.98,21.93,81,3,77.3,12.77,"Beta","ui","alta","failed"
36.45,24.02,72,5,62.9,31.62,"Gamma","infra","media","success"
38.6,10.71,92,2,55.9,4.36,"Gamma","api","media","success"
12.39,7.24,88,3,75.1,5.38,"Alpha","auth","alta","success"
78.87,17.67,76,4,76.3,5.63,"Alpha","api","alta","rolled_back"
21.59,8.09,89,1,91.2,27.89,"Alpha","api","media","failed"
25.9,46.59,96,2,91.7,2.99,"Alpha","infra","baja","success"
37.34,16.14,73,2,99.8,12.87,"Delta","api","baja","success"
27.75,9.88,78,8,62.4,7.8,"Gamma","auth","media","success"
65.47,7.83,88,4,80.8,4.53,"Beta","db","media","success"
17.85,25.2,91,4,64.1,3.8,"Beta","test","alta","success"
25.77,20.23,87,3,87.2,79.16,"Alpha","db","media","failed"
129.45,7.26,88,3,70.4,2.57,"Alpha","auth","media","success"
59.21,7.2,104,3,63,27.02,"Delta","infra","media","success"
28.29,17.21,64,6,71.2,3.17,"Alpha","infra","baja","success"
36.22,14.3,82,4,67.8,31.61,"Alpha","auth","media","rolled_back"
19.91,30.36,93,1,70.2,3.84,"Alpha","infra","crítica","success"
103.56,17.67,80,2,78.7,1.17,"Delta","auth","media","success"
27.62,13.4,75,4,89.5,9.13,"Alpha","auth","crítica","failed"
18.7,23.56,71,7,51.6,8.87,"Alpha","auth","media","success"
23.81,5.51,70,2,79.8,3.48,NA,"db","alta","success"
18.52,11.11,101,3,72.6,8.43,"Beta","ui","alta","success"
32.34,8.43,77,5,70.7,16.71,"Beta","infra","alta","success"
23.68,27.09,99,6,72.8,38.12,"Gamma","auth","media","rolled_back"
57.83,12.44,69,3,82.3,27.91,"Gamma","auth","media","success"
36.01,31.63,87,1,71.4,3.71,"Alpha","infra","baja","success"
14.36,17.07,82,2,82.4,13.65,"Alpha","api","alta","success"
92.85,NA,81,4,98,0.99,"Alpha","test","alta","failed"
63.99,14.14,96,4,76.8,4.3,"Gamma","auth","media","failed"
39.2,8.43,83,4,66.3,9.15,"Beta","api","media","success"
47.03,19.82,95,1,56.9,43.78,"Alpha","api","alta","success"
72.72,3.18,100,5,73.5,3.76,"Alpha","auth","baja","success"
44.4,42.84,84,8,62.8,18.02,"Delta","ui","alta","failed"
73.85,31.11,93,4,78.2,11.69,"Gamma","ui","baja","success"
55.93,32.61,82,2,58,NA,"Alpha","db","baja","success"
30.49,68.59,83,4,75.3,11.61,"Alpha","ui","alta","success"
76.53,12.24,91,4,93.8,5.08,"Gamma","api","media","success"
9.55,11.16,82,5,52.3,5.4,"Beta","ui","media","rolled_back"
34.87,17.08,69,2,86,4.77,"Alpha","db","media","success"
24.42,34.35,86,4,58.4,3.63,"Beta","api","baja","success"
55.71,5.83,78,2,65.9,5.29,"Alpha","auth","baja","success"
37.71,57.11,80,2,54.2,26.38,"Gamma","ui","baja","success"
79.25,27.38,77,4,100,7.37,"Gamma","api","baja","failed"
35.89,36.85,79,2,85.2,16.34,"Gamma","auth","media","rolled_back"
41.65,18.6,89,2,57.2,18.55,"Beta","infra","media","success"
49.64,30.73,91,2,93.2,15.3,"Gamma","infra","crítica","success"
92.89,13.51,81,3,71,5.41,"Beta","auth","baja","success"
22.4,8.1,83,5,58.9,17.88,"Alpha","ui","alta","success"
116.56,12.86,75,4,48.3,8.51,"Gamma","infra","media","failed"
20.73,7.28,82,4,63.5,3.3,"Alpha","ui","media","success"
15.41,31.15,85,1,63.6,5.59,"Alpha","api","alta","success"
76.37,25.94,71,1,95.7,11.42,"Delta","db","baja","success"
46.06,15.97,82,1,60.2,11.58,"Alpha","auth","crítica","failed"
23.76,14.94,69,2,42.9,5.28,"Beta","api","media","success"
83.85,8.01,83,2,65.4,9.34,"Beta","db","baja","success"
49.56,27.8,88,1,77.7,NA,"Gamma","auth","alta","success"
18.82,3.78,90,5,79.8,3.78,"Delta","test","media","success"
40.96,24.79,70,3,58.5,1.66,"Alpha","api","alta","success"
32.12,11.11,84,2,59.7,4.67,"Beta","ui","baja","success"
15.68,14.5,72,3,98.6,4.6,"Gamma","test","media","failed"
NA,29.77,71,0,40.1,1.6,"Alpha","ui","media","success"
39.94,19.24,85,6,49.6,11.67,"Alpha","api","media","failed"
39.02,23.74,90,2,61.4,10.85,"Alpha","auth","alta","success"
19.97,24.69,77,5,72.6,11.09,"Gamma","test","alta","success"
31.97,12.76,90,4,61.1,6.72,"Beta","ui","baja","success"
25.46,12.8,91,1,58,8,"Delta","auth","media","success"
17.21,18.84,90,2,66.8,2.41,"Alpha","ui","media","rolled_back"
30.12,17.24,90,1,82.8,3,"Beta","ui","alta","failed"
13,16.02,100,3,73.2,3.95,"Delta","ui","baja","rolled_back"
34.97,14.8,85,1,50.1,26.14,"Gamma","api","alta","success"
10.25,12.9,93,0,54.9,8.65,"Beta","db","alta","rolled_back"
31.93,15.53,87,3,59.8,9.79,"Beta","auth","media","success"
34.34,24.57,90,3,71.1,5.23,"Delta","ui","crítica","success"
5.33,12.95,70,2,62.6,5.88,"Beta","api","alta","success"
133.31,7.38,82,3,100,10.95,"Alpha","api","alta","success"
45.95,7.73,75,1,65.7,9.57,"Beta","api","alta","success"
19.26,13.89,88,0,72.3,9.8,"Gamma","auth","baja","rolled_back"
118.57,13.35,89,2,77.3,10.81,"Alpha","api","alta","failed"
97.17,6.83,103,6,67.2,10.76,"Gamma","infra","alta","success"
10.12,15.47,88,5,66.5,6.9,"Alpha","ui","alta","success"
32.22,14.41,89,2,77.2,21.69,"Delta","test","alta","rolled_back"
18.22,15.23,92,4,58.1,3.25,"Gamma","ui","media","success"
49.49,15.87,78,3,60.4,6.01,"Gamma","api","media","success"
8.37,19.23,98,5,44.3,2.8,"Alpha","ui","baja","success"
99.02,7.2,71,2,58.7,10.33,"Gamma","api","baja","success"
13.72,9.68,90,4,70.6,NA,"Alpha","infra","alta","success"
24.43,10.89,88,5,63.6,2.06,"Gamma","auth","crítica","success"
44.32,6.4,89,3,54.9,23.72,"Gamma","db","crítica","failed"
82.89,20.07,72,NA,72.4,14.18,"Beta","db","baja","success"
25.4,14.31,85,1,79.8,3.28,"Gamma","auth","media","success"
27.92,19.53,80,1,51.2,12.8,"Gamma","ui","alta","success"
80.43,18.56,64,0,91.1,9.09,"Delta","db","media","success"
117.56,14.22,87,0,81.2,1.23,"Gamma","infra","crítica","success"
60.8,12.79,73,5,80.8,5.07,"Alpha","ui","alta","failed"
35.54,7.77,97,3,50.6,39.46,"Delta","ui","baja","success"
NA,23.15,88,3,60.6,18.46,"Alpha","infra","alta","rolled_back"
20.05,6.55,85,5,71.4,6.12,"Gamma","test","alta","rolled_back"
11.65,30.12,75,2,31.7,2.35,"Alpha","auth","media","success"
89.95,7.73,101,2,92.6,1.9,"Alpha","auth","alta","success"
33.29,11.83,83,2,72.1,21.07,"Delta","test","baja","success"
78,47.57,77,3,57.2,20.21,"Beta","auth","baja","failed"
135.18,21.6,89,4,76.2,7.68,"Gamma","api","media","failed"
33.65,20.9,82,6,88.5,11.42,"Alpha","auth","crítica","success"
47.39,17.4,87,3,48.2,3.72,"Gamma","api","alta","success"
16.6,20.96,81,2,74,18.54,"Delta","auth","alta","failed"
45.48,15.75,87,2,65.8,NA,"Gamma","auth","baja","success"
24.71,6.2,83,2,73.1,10.77,"Delta","auth","alta","rolled_back"
17.07,30.75,101,6,82,24.91,"Beta","auth","alta","success"
31.27,24.61,87,4,77.1,2.64,"Gamma","api","alta","success"
15.33,17.76,80,4,64.9,7.3,"Gamma","db","media","success"
40.53,10.14,78,1,95.5,1.99,"Alpha","api","baja","success"
36.72,18.57,92,3,80,2.92,"Beta","db","baja","success"
55.37,9.19,98,3,100,6.79,"Alpha","api","baja","failed"
43.6,12.83,96,0,92.7,38.36,"Beta","api","alta","success"
13.49,27.53,89,5,51.1,12.02,"Alpha","api","alta","success"
6.66,41.51,70,3,75,4.84,"Alpha","auth","media","rolled_back"
70.6,26,86,3,70.9,3.77,"Alpha","db","baja","failed"
59.29,17.49,77,3,83.1,27.44,"Gamma","db","baja","rolled_back"
46.28,14.59,84,4,81.6,13.3,"Alpha","ui","baja","failed"
15.13,15.02,NA,4,78.1,3.97,"Gamma","api","alta",NA
17.76,25,113,1,76.3,5.54,"Delta","infra","alta","success"
19.92,11.37,95,5,83.9,41.46,"Alpha","db","alta","success"
35.02,18.21,92,4,56.5,5.19,"Beta","auth","alta","success"
94.62,10.78,89,5,65.4,1.26,"Alpha","api","baja","failed"
96.82,12.66,83,2,83.4,14.13,"Beta","ui","media","success"
42.11,4.33,86,0,91.6,8.58,"Beta","auth","alta","success"
16.2,8.52,75,2,92.1,5.06,NA,"api","media","success"
63.45,50.52,75,2,78.4,2.5,"Alpha","test","baja","success"
27.51,26.33,99,2,79.1,11.56,"Beta",NA,"media","success"
12.82,14.06,90,1,77.5,9.99,"Delta","auth","baja","failed"
16.74,10.82,83,2,76.6,4.72,"Delta","infra","alta","success"
21.3,69.48,78,4,84.6,12.09,"Delta","infra","alta","success"
26.41,21.87,92,1,77.4,2.66,"Beta","ui","media","success"
85.13,25.57,91,3,85,7.02,"Gamma","auth","alta","success"
NA,17.15,61,3,100,NA,"Alpha","auth","baja","failed"
28.74,10.75,75,2,66.4,3.51,"Beta","api","alta","success"
113.25,10.01,81,2,91,1.62,"Delta","api","alta","failed"
98.94,25.87,83,2,87.5,24.89,"Gamma","test","crítica","success"
33.06,31.71,106,3,100,13.06,"Gamma","auth","baja","failed"
27.49,19.98,63,3,41,39.59,"Alpha","db","media","success"
71.69,8.89,96,5,100,18.01,"Beta","infra","baja","failed"
287.82,NA,84,3,73.9,5.43,"Gamma","api","crítica","success"
5.9,17.24,75,3,82.1,14.82,"Alpha","auth","media","success"
22.39,25.94,77,5,61.1,15.93,"Delta","api","media","success"
23.94,7.54,96,5,55.5,27.15,"Gamma","auth","media","success"
100.11,20.93,92,3,58.5,11.36,"Gamma","infra","media","success"
94.15,17.08,90,2,84.2,5.59,"Gamma","test","crítica","rolled_back"
33.83,17.9,78,2,NA,8.83,"Beta","api","baja","rolled_back"
21.02,18.39,94,2,100,5.73,"Alpha","auth","media","success"
24.27,21.47,87,1,73.5,11.12,"Gamma","auth","alta","success"
46.29,26.39,90,5,80.4,6.78,"Delta","auth","baja","success"
47.77,18.36,88,4,71.4,2.51,"Beta","auth","baja","rolled_back"
12.63,28.71,86,7,82,3.83,"Alpha","api","media","success"
36.13,22.29,87,5,94.9,25.63,"Delta","infra","media","success"
44.47,23.19,79,2,NA,9.23,"Beta","db","crítica","success"
29.95,16.72,85,7,68.5,5.4,"Gamma","api","baja","success"
46.67,16.05,92,2,66.6,32.16,"Gamma","infra","media","success"
16.68,14.98,92,4,62.3,7.45,"Gamma","ui","media","success"
24.8,25.03,75,9,67.6,11.17,"Beta","auth","crítica","success"
186.06,30.42,76,2,NA,7.67,"Beta","api","baja","failed"
56.97,6.09,74,2,60.8,13.34,"Beta","db","media","success"
32.48,10.16,79,2,87,2.2,"Gamma","db",NA,"success"
75.9,46.25,95,1,84.1,25.46,"Delta","db","alta","failed"
42.49,11.97,75,1,65.7,6.72,"Beta","ui","alta","failed"
45.94,9.89,76,3,37.9,7.32,"Alpha","auth","baja","success"
133.6,6.97,83,5,96.5,7.21,"Alpha",NA,"media","success"
10.64,7.4,100,2,71.7,28.19,"Delta","auth","media","success"
58.45,59.3,89,2,67.5,15.57,"Gamma","api","alta","success"
13.47,21.65,91,4,68.1,11.97,"Delta","api","alta","success"
11.49,18.52,85,NA,79.3,9.32,"Alpha","db","media","rolled_back"
9.68,42.35,82,3,73,4.88,"Beta","api","alta","rolled_back"
26.85,7.89,94,4,70.9,10.13,"Gamma","api","media","rolled_back"
21.82,24.24,86,3,79.7,8.01,"Alpha","ui","alta","success"
67.77,14.94,71,6,75.1,42.85,"Alpha","ui","baja","rolled_back"
79.31,10.21,79,4,54.2,4.26,"Beta","auth","media","success"
17.43,29.59,76,3,66,10.13,"Beta","auth","baja","rolled_back"
30.99,18.59,96,1,82.8,4.9,"Beta","ui","baja","success"
4.45,16.22,82,2,47.2,3.22,"Gamma","test","alta","failed"
15.61,10.76,95,3,NA,11.34,"Gamma","api","alta","success"
105.63,6.55,76,5,100,3.31,"Gamma","ui","baja","success"
43.34,12.28,92,2,79.9,10.42,"Alpha","infra","alta","success"
29.71,6.92,95,1,72.4,4.5,"Alpha","ui","baja","success"
22.34,61.63,83,3,97.4,3.52,"Delta","auth","baja","rolled_back"
16.59,22.08,82,3,76.4,3.34,"Alpha","db","media","failed"
20.21,26.04,88,2,44.9,20.43,"Gamma","db","media","success"
52.07,25.12,97,6,71.4,24.09,"Delta","api","alta","success"
41.39,36.84,79,4,53.5,4.26,"Alpha","db","baja","success"
152.36,7.06,84,1,44.7,7.01,"Gamma","auth","alta","success"
31.91,16.03,94,4,71.4,6.53,"Alpha","infra","baja","failed"
45.77,12.7,82,4,53.4,3.89,"Alpha","ui","media","rolled_back"
20.58,8.79,95,2,93.3,22.17,"Gamma","db","baja","success"
27.44,7.9,80,1,18,2.19,"Beta","api","media","rolled_back"
48.57,21.31,72,3,90,16.92,"Gamma","auth","media","success"
76.36,19.55,62,0,68.1,13.61,"Alpha","ui","alta","success"
131.98,6.42,70,3,100,3.32,"Delta","auth","media","failed"
26.09,29.79,87,6,97.6,1.69,"Alpha",NA,"alta","success"
15.92,12.22,95,1,73.6,4.53,"Gamma","auth","crítica","success"
24.3,38.54,95,6,58.5,8.19,"Gamma","api","crítica","success"
76.71,22.5,94,3,58.5,4.72,"Delta","ui","baja","success"
55.28,27.75,75,2,48.8,21.34,"Alpha","ui","alta","success"
33.84,45.29,95,3,53.1,5.37,"Delta","api","baja","rolled_back"
79.58,40.96,95,4,66.5,15.35,"Alpha","db","media","success"
34.13,20.15,88,4,81.4,15.33,"Alpha","test","crítica","rolled_back"
122.05,10.43,101,2,78.4,2.76,"Gamma","auth","alta","rolled_back"
14.51,33.79,74,3,31.1,7.73,"Delta","infra","crítica","success"
29.81,11.94,80,3,53.6,5.12,"Delta","ui","baja","success"
41.28,12.66,70,4,97.4,15.51,"Beta","test","media","success"
50.2,54.26,75,4,NA,4.22,"Alpha","db","baja","rolled_back"
101.85,29.36,86,1,57.6,3.49,"Alpha","test","alta","success"
28.13,19.57,79,1,68.7,11.57,"Gamma","db","baja","rolled_back"
40.94,11.37,91,6,44.6,7.39,"Beta","test","alta","failed"
61.06,13.79,90,3,82.3,24.36,"Alpha","auth","baja","success"
17.65,7.05,79,5,81.7,11.29,"Delta","auth","alta","success"
13.51,31.43,83,3,94.6,11.99,"Alpha","api","baja","success"
12.88,14.44,93,3,69.1,13.95,"Alpha","api","media","success"
50.42,6.02,91,4,69.8,20.99,"Gamma","api","media","rolled_back"
23,4.61,86,1,65.4,4.4,"Beta","api","baja","failed"
24.6,15.69,81,3,69.8,37.58,"Delta","infra","alta","rolled_back"
19.94,10.54,79,1,93.1,2.63,"Delta","api","media","success"
50.34,66.91,76,2,66.6,15.23,"Delta","db","crítica","success"
28.9,49.03,111,4,64.3,6.24,"Beta","db","crítica","success"
20.02,11.71,82,2,68.9,1.36,NA,"ui","crítica","success"
82.22,6.28,89,3,52.7,41.48,"Alpha","auth","media","success"
37.14,63.36,84,1,64.9,11.98,"Beta",NA,"alta","rolled_back"
30.83,12.56,89,2,68.5,3.08,"Beta","api","media","success"
21.27,15.18,84,2,100,16.72,"Gamma","db","alta","failed"
216.03,10.55,85,2,72.1,15.06,"Gamma","infra","media","success"
31.38,25.15,85,6,51.1,24.18,"Beta","ui","crítica","success"
54.67,13.11,83,2,79.7,12.14,"Delta","db","baja","failed"
32.1,64.8,92,3,53.9,7.44,"Alpha","api","alta","success"
17.78,12.1,89,5,59.1,8.29,"Beta","api","alta",NA
18.15,8.61,79,1,71.6,3.48,"Alpha","api","media","success"
81.53,19.88,88,6,47,1.7,"Beta","api","media","success"
24.94,32.56,87,5,39.7,55.53,"Gamma",NA,"baja","success"
12.35,13.16,86,1,91.2,6.98,"Alpha","ui","crítica","success"
34.03,12.16,94,7,70.6,7.55,"Alpha","infra","alta","success"
37.95,10.16,96,4,58.5,8.79,"Alpha","auth","media","success"
17.16,20.37,82,3,91.8,3.33,"Gamma","test","media","success"
85.46,12.62,106,2,44.8,6.47,"Alpha","ui","media","success"
104.35,17.84,82,3,82.2,12.65,"Gamma","auth","crítica","success"
58.76,14.57,109,3,87.2,9.06,"Alpha","api","alta","rolled_back"
69.78,26.47,83,2,90.8,9.43,"Beta","db","alta","failed"
13.82,12.21,84,5,47.1,6.08,"Alpha","auth","baja","success"
32.66,28.65,87,0,60.1,7.92,"Delta","ui","media","success"
144.96,18.93,89,6,92.2,29.05,"Delta","auth","media","success"
14.36,19.32,76,5,70.7,2.2,"Gamma","api","media","success"
38.41,39.95,71,4,83.3,6,"Delta","auth",NA,"rolled_back"
16.67,11.98,81,2,66.1,5.89,"Gamma","db","baja","failed"
48.32,6.1,91,3,81.4,13.8,"Alpha","infra","baja","success"
93.3,10.38,83,2,NA,8.9,"Beta","ui","crítica","failed"
22.71,15.62,85,3,84.9,10.27,"Gamma","api","media","success"
46.2,8.36,99,4,76.5,6.99,"Alpha","test","alta","success"
11.49,16.01,72,2,76.9,9.06,"Gamma","auth","media","failed"
21.96,3.55,105,2,63.2,6.19,"Gamma","auth","crítica","rolled_back"
52.48,33.8,79,0,71.3,34.58,"Alpha","auth","media","failed"
53.59,17.88,99,3,96.9,5.37,"Gamma","api","crítica","success"
8.2,7.19,84,1,63.7,25.53,"Beta","db","crítica","success"
31.72,76.92,92,5,69.5,5.47,"Alpha","db","alta","failed"
19.65,20.61,72,6,58.4,16.05,"Beta","db","media","rolled_back"
41.5,16.01,91,5,74.1,3.19,"Gamma","auth","alta","success"
11.75,11.49,101,7,72.2,5.39,"Gamma","infra","baja","failed"
18.28,14.94,81,1,87.6,3.05,"Gamma","auth","alta","success"
39.68,7.08,85,1,78.2,6.18,"Beta","api","alta","failed"
21.76,20.53,79,3,72,14.46,"Beta","db","alta","success"
12.31,14.94,91,3,92.6,NA,"Beta","infra","media","success"
27.34,6.26,77,1,72.3,11.55,"Delta","auth","baja","success"
61.66,20.07,77,3,68.3,10.71,"Beta","api","alta","success"
24.97,20.75,NA,5,68.4,8.91,"Gamma","ui","alta","success"
53.63,49.73,102,8,49.6,11.46,"Alpha","api","alta","success"
31.2,32.33,86,5,NA,5.05,"Alpha","api","alta","success"
39.12,14.53,104,2,67.2,11.6,"Alpha","api","baja","success"
81.01,8.51,71,5,85.5,19.84,"Gamma","auth","media","success"
54.66,16.47,88,3,63.9,13.17,"Alpha","infra","media","success"
29.14,NA,72,1,NA,1.12,"Alpha","ui","media","success"
16.85,NA,88,3,83.2,2.68,"Alpha","test","alta","success"
50.21,8.01,86,2,76,12.54,"Beta","test","baja","success"
49.46,9.56,66,1,60.4,12.43,"Beta","test","alta","rolled_back"
44.96,19.1,101,2,67,1.09,"Delta","test","media","success"
19.76,26.35,73,4,69.2,15.39,"Beta","db","alta","success"
NA,35.23,73,3,90,20.14,"Beta","auth","media","success"
63.75,12.42,87,1,51.3,16.32,"Alpha","api","alta","success"
20.81,26.66,97,3,88.8,4.49,"Alpha","ui","alta","success"
86.36,17.61,95,2,67.9,44.08,"Delta","auth","alta","success"
45.51,32.54,68,4,59.3,8.78,"Gamma","test","baja","success"
23.16,79.69,78,3,69.3,3.64,"Beta","api","alta","failed"
25.03,8.7,69,3,40.7,4.69,"Gamma","auth","crítica","success"
32.74,32.89,104,2,57.9,18.37,"Beta","api","alta","failed"
58.69,22.87,79,6,78.5,49.77,"Beta","db","media","success"
45.17,NA,81,2,83,20.74,"Beta","auth","alta","rolled_back"
96.19,17.22,72,1,90.9,4.73,NA,"ui","media","success"
48.24,32.4,98,0,67.4,26.6,"Alpha","test","alta","success"
12.86,9.48,96,7,79.6,6.01,"Alpha","api","baja","success"
17.01,14.31,67,7,48.2,18.46,"Beta","api","alta","success"
104.73,19.44,86,5,77.5,3.65,"Alpha","api","baja","failed"
47.19,NA,84,3,97.4,10.07,"Beta","api","alta","failed"
89.97,NA,73,6,74.1,27.79,"Delta",NA,"media","rolled_back"
43.44,34.35,77,3,78.9,14.13,"Beta","test","alta","rolled_back"
22.09,34.24,83,3,60.4,31.09,"Delta","api","alta","success"
22.44,9.55,77,5,86.5,13.83,"Gamma","db","baja","success"
28.93,16.58,75,4,83.7,4.02,"Gamma","auth","alta","failed"
14.59,38.09,93,5,53.3,7.87,"Beta","ui","baja","success"
66.97,19.05,75,4,73,7.48,"Alpha","api","alta","success"
18.15,13.43,79,1,69,4.29,"Delta","test","alta","rolled_back"
74.01,29.73,92,4,51.1,16.65,"Gamma","ui","baja","failed"
98.07,32.43,80,3,74.3,33.44,"Delta","auth","baja","failed"
52.09,9.56,87,2,93.4,2.2,"Alpha","infra","alta","success"
23.86,280.7,87,2,81.4,13.19,"Delta","db","alta","failed"
NA,13.43,83,1,65,5.48,"Gamma","auth","alta","failed"
30.86,20.39,85,3,78.5,6.18,"Delta","api","media","success"
48.12,9.89,99,1,NA,19.33,"Alpha","db","alta","rolled_back"
64.78,4.1,94,1,80.8,6.21,"Beta","api","crítica","success"
82.9,24.28,72,5,81.2,7.24,"Delta","api","media","success"
85.46,30.07,85,6,77.9,7.56,"Beta","test","baja","failed"
77.68,8.28,77,3,73.2,13.45,"Alpha","ui","media","rolled_back"
41.2,29.13,76,3,53,1.65,"Gamma","infra","media","failed"
78.76,52.38,88,4,84.2,17.5,"Delta","api","alta","rolled_back"
18.48,18.66,86,6,54.2,5.42,"Beta","api","alta","success"
35.54,17.54,88,1,90.6,8.81,"Alpha",NA,"media","rolled_back"
44.85,7.83,100,4,63.1,14.63,"Gamma","db","media","rolled_back"
48.62,28.31,93,0,82.6,10.92,"Delta","api","media","success"
28.72,22.48,84,1,64.4,13.7,"Alpha","api","baja","success"
62.52,10.47,83,4,64,7.83,"Alpha","db","alta","success"
38.03,9.51,96,3,56.7,17.73,"Gamma","db","baja","failed"
-15.5,7.35,92,1,96.2,2.96,"Delta","test","media","failed"
118.76,25.02,71,3,65.5,2.61,"Gamma","api","alta","success"
25.19,4.49,83,2,55.1,6.04,"Beta","api","alta","failed"
27.9,12.61,88,4,76.7,3.95,"Beta","test","alta","success"
58.6,12.81,73,2,59.7,0.98,"Alpha","api",NA,"success"
29.09,32.12,91,5,57,14.94,"Delta","ui","alta","success"
20.9,2.81,92,6,89.5,7.7,"Gamma","api","alta","success"
148.23,10.45,70,3,67.1,9.04,"Gamma","auth","alta","success"
56.68,7.65,94,4,77.8,14.1,"Alpha","db","alta","success"
19.22,11.49,87,7,46.7,3.11,"Gamma","api","alta","failed"
23.47,10.44,83,2,71.4,7.44,"Gamma","test","media","success"
40.95,32.95,74,4,83,2.18,"Gamma","infra","media","failed"
43.36,25.46,90,3,64,66.11,"Beta","auth","crítica","rolled_back"
21.45,16.62,102,1,67.9,17.44,"Gamma","test","alta","rolled_back"
40.87,12.75,76,4,68.9,7.24,"Alpha","auth","alta","rolled_back"
10.34,16.56,84,3,74.7,30.83,"Delta","auth","crítica","success"
26.61,14.58,70,1,72.2,4.71,"Alpha","api","media","success"
17.79,6.54,82,1,82.3,12.16,"Beta","auth","media","success"
24,10.56,83,5,80.7,28.61,"Delta","auth","media","success"
46.44,9.51,96,3,56.8,13.99,"Alpha","ui","crítica","success"
99.56,21.73,87,2,58.9,21.36,"Beta","db","baja","failed"
42.72,8.03,90,2,72.3,5.99,"Alpha","ui","baja","failed"
45.57,16.01,89,6,62.2,7.54,"Delta","api","media","success"
NA,24.6,83,9,63.2,4.63,"Alpha","db","alta","success"
55.86,33.7,89,2,93.4,23.71,"Gamma","test","baja","success"
49.97,8.41,76,4,83.6,31.59,"Delta","api",NA,"success"
58.33,22.57,80,2,80.9,NA,"Beta","db","baja","success"
12.96,11.16,85,5,65.2,16.03,"Beta","auth","baja","success"
27.54,3.02,91,2,77.3,9.12,"Beta","api","baja","failed"
23.48,11.63,103,1,74.4,13.95,"Delta","api","media","failed"
9.63,33.61,82,3,78.9,4.96,"Delta","infra","media","success"
32.34,23.17,84,5,69.1,30.13,"Beta","db","baja","rolled_back"
19.14,12.62,78,3,85.9,6.41,"Beta","test","alta","rolled_back"
18.06,16.37,88,5,81.6,2.09,"Delta","test","baja","success"
25,11.49,94,3,75,41.33,"Beta","infra","alta","success"
34.81,16.11,81,3,63.7,6.89,"Alpha","ui","media","failed"
14.03,20.31,83,2,36.6,5.8,"Gamma","infra","alta","rolled_back"
47.9,8.84,92,8,80.1,5.6,"Beta","infra","alta","failed"
30.71,19.33,81,1,100,17.2,"Alpha","infra","media","failed"
102.16,9.48,78,4,79.4,11.11,"Alpha","auth","media","success"
36.72,30.92,107,2,82.1,2.36,"Alpha","ui","baja","success"
8.46,9.59,101,NA,88.6,17.63,"Alpha","api","alta","success"
37.29,6.53,80,1,48.3,25.49,"Alpha","auth","crítica","rolled_back"
24.45,16.93,76,4,NA,5.02,"Beta","auth","baja","rolled_back"
9.4,18.2,77,3,39.2,5.26,"Beta","db","media","success"
61.91,14.33,77,2,71.8,3.22,"Delta","db","alta","success"
24.79,16.05,100,2,92,18.99,"Delta","ui","media","success"
10.71,10.18,87,4,92.8,10.96,"Delta","auth","media","success"
42.1,15.46,90,0,37.9,27.34,"Beta","api","alta","rolled_back"
46.92,37.95,95,3,71.9,7.56,"Beta","infra","baja","success"
24.46,27.19,89,4,67.8,5.36,"Gamma","db","media","success"
68.38,35.29,80,1,63.5,29.71,"Gamma","auth","baja","success"
25.35,8.83,76,7,73.9,27.64,"Alfa","api","baja","success"
24.79,14.54,93,3,84.4,NA,"Alpha","api","baja","rolled_back"
46.01,6.15,97,2,79.4,3.15,"Gamma","test","alta","rolled_back"
48.25,32.2,91,4,99.7,4.53,"Alpha","test","baja","success"
168.23,10.88,83,6,61,0.95,"Alpha","api","media","success"
21.62,12.45,76,1,64.7,4.25,"Beta","api","media","failed"
38.31,13.54,82,2,66.8,4.06,"BETA","api","alta","success"
47.71,28.76,73,3,89.3,4.75,"Alpha","ui","crítica","success"
13.99,7.41,77,6,77.9,NA,"Alpha","ui","alta","rolled_back"
8.66,23.2,80,2,83.9,12.42,"Delta","auth","media","failed"
23.17,11.55,89,3,82.3,3.38,"Alpha","api","media","success"
174.68,20.07,71,3,93,3.5,"Alpha","api","baja","rolled_back"
22.79,14.3,69,4,41.6,9.18,"Beta","api","alta","failed"
35.46,18.64,98,5,88,6.73,"Delta","auth","media","success"
66.04,25.62,87,2,68.4,5.08,"Alpha","auth","alta","success"
36.86,8.14,84,4,95,3.79,"Beta","ui","alta","failed"
61.48,4.59,77,2,73.3,3.51,"Delta","api","baja","success"
20.95,13.62,90,2,84.8,21.38,"Beta","auth","media","rolled_back"
48.42,10.1,84,2,97.6,29.16,"Alpha","api","crítica","success"
13.95,34.55,75,2,53.2,9.45,"Alpha","infra","baja","success"
60.68,10.87,86,1,69,21.28,"Beta","api","crítica","rolled_back"
17.67,20.66,82,3,41.8,5.46,"Beta","test","baja","success"
49.13,6.04,78,2,86.5,2.84,"Gamma","test","baja","success"
51.79,18.84,95,5,84,21.67,"Delta","api","alta","success"
23.85,42.78,82,4,71.5,11.1,"Gamma","api","alta","success"
78.6,17.5,86,3,73.2,3.62,"Gamma","api","crítica","success"
26.36,16.71,98,3,63.9,6.86,"Gamma","infra","media","success"
121.39,18.46,87,4,68.2,3.83,"Gamma","api","crítica","rolled_back"
10.74,8.11,73,2,69.3,18.1,"Alpha","ui","media","rolled_back"
19.24,6.45,77,1,87.1,56.13,"Beta","infra","baja","success"
47.67,18.49,74,1,92.5,24.86,"Delta","api","alta","success"
54.65,15.95,79,2,72.9,5.24,"Alpha","api","baja","success"
41.92,7.99,79,8,90.9,9.17,"Delta","db","crítica","success"
51.06,6.79,87,5,90.2,17.91,"Gamma","api","baja","success"
59.38,9.7,85,6,71,5.05,"Delta","api","media","failed"
10.29,6.81,73,1,63.4,2.42,"Delta","api","alta","failed"
116.44,29.16,94,7,58.1,14.45,"Gamma","auth","baja","success"
22.83,6.83,93,3,80.5,9.46,"Beta","api","crítica","success"
50.51,21.41,95,0,74.5,6.87,"Beta","auth","media","rolled_back"
24.04,43.4,81,4,65.8,23.85,"Gamma","test","media","success"
63.67,57.62,84,2,81.6,10.48,"Beta","api","media","failed"
25.42,67.11,82,2,85.4,2.01,"Beta","auth","media","rolled_back"
31.02,26.82,83,1,50.3,3.88,"Alpha","auth","media","success"
56.9,27.72,85,2,76.4,10.93,"Alpha","api","baja","success"
150.11,14.39,99,6,62.1,10.87,"Alpha","ui","media","success"
25.53,8.67,99,4,81.3,3.01,"Alpha","auth","media","success"
61.45,17.29,88,4,81,2.9,"Alpha","api","alta","success"
17.69,15.68,90,1,55,9.99,"Gamma","db","media","rolled_back"
56.5,32.15,77,0,53.9,41.2,"Delta","api","crítica","failed"
22.53,16.52,86,5,65.6,11.74,"Alpha","ui","baja","success"
64.14,11.7,106,3,96.4,18.43,"Alpha","api","alta","rolled_back"
53.16,16.48,70,2,75.1,2.51,"Gamma","api","baja","failed"
71.34,26.84,74,3,41.6,3.32,"Gamma","api","alta","success"
26.49,13.27,89,3,61.4,14.02,"Gamma","auth","baja","success"
28.96,7.77,85,3,82.5,49.91,"Beta","auth","crítica","failed"
23.2,9.91,NA,2,58,10.65,"Alpha","db","alta","rolled_back"
18.09,7.95,80,2,61.4,16.85,"Beta","infra","alta","success"
16.43,54.97,90,3,61.6,12.62,"Beta","db","media","success"
15.86,48.29,90,3,53.4,17.11,"Delta","Auth","media","rolled_back"
68.22,NA,84,6,76.9,17.14,"Alpha","ui","baja","failed"
10.55,10.61,84,0,58.3,2.29,"Beta","ui","alta","failed"
16.99,24.09,91,4,77.4,2.39,"Gamma","db","crítica","success"
26.04,34.77,78,4,78,5.09,"Delta","db","alta","rolled_back"
56.6,24.6,88,3,88.6,13.12,"Beta","test","baja","success"
9.25,27.74,80,5,49.1,3.29,"Beta","auth","crítica","success"
60.03,4.17,74,2,69,3.17,"Gamma","db","crítica","success"
28.97,10.39,78,1,64.1,2.57,"Alpha","auth","alta","success"
40.45,8.6,54,4,76.3,6.25,"Alpha","api","media","success"
21.81,15.53,83,2,100,1.57,"Alpha","ui","alta","success"
26.49,5.55,109,2,73.8,0.76,"Beta","auth","media","rolled_back"
50.17,26.34,67,6,72.8,20.4,"Beta","ui","baja","rolled_back"
41.23,17.59,95,1,53.1,4.41,"Gamma","auth","media","success"
24.88,33.21,86,3,68.7,11.73,"Alpha","test","baja","success"
13.01,6.15,90,2,61.6,7.27,"Delta","ui","alta","success"
63.64,49.02,73,4,85.2,17.66,"Gamma","api","baja","success"
40.17,45.77,102,1,NA,10.06,"Alpha","auth","media","success"
6.83,9.81,76,5,75.9,6.74,"Gamma","api","alta","success"
9.63,51.33,103,6,79.3,44.32,"Beta","auth","media","success"
18.33,39.87,80,1,74.5,1.65,"Beta","auth","media","rolled_back"
32.5,22.56,98,5,60.8,7.75,"Beta",NA,"alta","success"
9.86,23.33,82,2,62.7,17.45,"Beta","infra","baja","success"
37.41,20.56,76,2,65.7,NA,"Alpha","auth","media","success"
37.13,16.68,114,3,44.2,5.14,"Alpha","api","baja","rolled_back"
60.78,27.12,65,4,67.9,11.87,"Gamma","ui","alta","success"
49.14,29.08,97,4,86.8,2.51,"Alpha","db","media","rolled_back"
43.01,10.15,82,3,54.8,5.28,"Beta","db","baja","success"
41.21,14.15,70,2,80.4,11.22,"Alpha","api","baja","failed"
96.23,26.72,93,1,78,14.07,"Gamma","test","baja","rolled_back"
47.14,22,80,4,86.4,12.35,"Gamma","api","crítica","success"
44.9,22.34,80,2,69.9,3.35,"Beta","db","media","rolled_back"
9.31,8.86,70,2,NA,6.09,"Delta","auth","baja","success"
52.5,9.79,69,2,100,3.9,"Beta","ui","media","success"
25.42,25.16,85,4,76.5,10.05,"Gamma","api","media","success"
22.4,7.38,98,4,NA,4.59,"Delta","test","baja","success"
NA,23.17,64,3,76,5.18,"Beta","auth","media","success"
41.06,25.19,73,4,76.2,3.24,"Delta","ui","alta","success"
118.13,47.06,78,6,76.9,18.89,"Alpha","db","media","success"
61.42,15.9,75,2,100,6.91,"Beta","infra","baja","rolled_back"
29.39,9.75,88,5,82.8,2.58,"Gamma",NA,"alta","rolled_back"
54.08,10.66,95,3,72.9,1.71,"Delta","api","baja","success"
40.92,27.11,93,1,100,4.04,"Beta","api","media",NA
42.27,15.4,80,0,62.1,3.51,"Beta","test","alta","success"
13.47,39.21,85,4,87.1,9.78,"Beta","test","crítica","success"
26.95,22.55,69,4,NA,3.84,"Gamma","db","media","failed"
66.36,16.63,84,3,61.6,7.43,"Gamma","infra","media","rolled_back"
139.15,56.59,83,3,84.9,11.71,"Gamma","ui","alta","success"
17.36,32.76,94,4,66,12.33,"Alpha","infra","alta","success"
37.75,23.78,70,1,56.4,20,"Alpha","infra","alta","failed"
31.93,28.05,101,3,NA,11.2,"Beta","db","baja","success"
85.79,18.59,102,2,58.5,8.74,"Gamma","db","alta","success"
29.36,13.6,88,5,46.4,7.46,"Alpha","api","alta","success"
23.2,85.68,97,2,60.8,6.21,"Delta","infra","baja","failed"
25.52,12.06,75,1,68.7,10.87,"Alpha","db","baja","success"
5.79,6.24,84,1,78.7,7.15,"Delta","ui","media","success"
82.97,13.56,73,5,65.7,16.13,"Beta","auth","media","failed"
87.78,27.08,82,2,65,2.59,"Alpha","api","media","failed"
18.8,5.07,75,6,61.8,8.02,"Gamma","db","crítica","rolled_back"
67.19,23.46,78,3,100,1.63,"Beta","auth","media","success"
62.88,15.07,83,5,56.3,6.89,"Beta","infra","media","success"
11.1,31.53,90,2,88,5.3,"Alpha","ui","baja","failed"
7.76,11.15,108,2,52.5,4.66,"Alpha","ui","baja","success"
48.07,26.78,104,2,62.6,3.92,"Delta","api","alta","success"
11.85,7.43,101,1,87.8,60.29,"Gamma","db","alta","success"
48,11.08,86,2,63.9,10.15,"Alpha","api","baja","success"
17.49,7.03,67,3,56,NA,"Beta","db","baja","rolled_back"
13.51,14.81,69,6,61.2,13.34,"Alpha","auth","alta","success"
84.26,17.75,79,3,86.4,12.66,"Beta","ui","alta","success"
39.61,30.02,87,4,85.3,6.98,"Delta","infra","alta","success"
24.43,19.22,74,NA,60,11.49,"Gamma","auth","baja","success"
23.13,38.25,93,4,96.2,4.21,"Gamma","ui","baja","success"
41.47,12.22,83,3,97.1,22.25,"Alfa","db","alta","success"
49.32,11.75,83,4,66.6,7.14,"Alpha","api","media","success"
61.38,NA,81,1,92,6.5,"Beta","db","alta","success"
47.06,19.51,95,5,49.1,17.28,"Alpha","auth","baja","success"
11.39,23.19,72,4,90.4,15.84,"Alpha","ui","crítica","failed"
11.45,11.64,96,2,70.8,9.18,"Beta","ui","baja","success"
18.77,39.53,79,5,95.1,4.09,"Gamma","api","crítica","success"
101.19,34.35,93,2,84.9,7.11,"Beta","api","alta","success"
50.36,47.96,89,4,72.4,0.79,"Alpha","auth","media","success"
68.91,53.61,95,1,73.1,5.32,"Delta","db","baja","success"
33.83,10.11,80,0,66.5,10.33,"Gamma","ui","media","failed"
63.99,13.1,79,2,66,24.17,"Beta","ui","media","success"
16.07,8.34,100,0,66.1,37.98,"Gamma","api","baja","success"
35.73,6.39,91,4,70.7,16.72,"Beta","ui","media","failed"
85.54,30.79,NA,1,70.7,11.02,"Gamma","infra","alta","failed"
14.26,36.14,91,3,NA,19.46,"Gamma","ui","crítica","rolled_back"
100.83,12.23,84,3,62.3,29.85,"Gamma","auth","media","success"
40.23,20.51,88,2,96.2,5.63,"Beta","auth","alta","success"
63.59,21.8,73,2,79.5,2.13,"Delta","test","alta","success"
27.83,6.56,80,2,75.7,6.77,"Gamma","infra","media","success"
50.37,14.77,79,4,44.4,8.21,"Gamma","db","crítica","success"
40.3,18.22,82,1,86.5,22.34,"Beta","auth","alta","rolled_back"
19.79,19,86,3,53.2,3.33,"Alpha","auth","media","rolled_back"
20.68,19.01,98,4,65.5,4.86,"Alpha","auth","crítica","success"
35.37,15.21,91,2,58.8,12.56,"Gamma","db","baja","success"
51.59,23.34,77,7,82.5,32.38,"Alpha","ui","alta","rolled_back"
69.54,15.5,79,5,61.5,4.66,"Alpha","ui","media","success"
34.24,12.22,82,5,68.3,8.89,"Beta","api","alta","success"
30.36,14.69,86,1,84.1,8.36,"Delta","api","alta","rolled_back"
31.97,2.25,93,5,61.7,9.25,"Beta","infra","media","success"
36.02,39.04,85,5,80.6,4.05,"Delta","ui","alta","failed"
34.35,14.49,76,4,84.9,3.08,"Gamma","api","media","success"
37.63,13.43,107,3,44.9,10.22,"Beta","infra","baja","success"
38.17,15.5,80,4,60.4,2.43,"Delta","infra","media","success"
31.52,26.08,100,1,72.8,7.3,"Beta","db","baja","rolled_back"
13.87,4.83,78,3,86,4.41,"Gamma","db","alta","failed"
33.83,16.14,77,3,60.1,9.44,"Gamma","test","baja","failed"
39.16,7.72,88,1,92.8,9.5,"Beta","api","media","success"
105.95,17.29,91,7,56.1,3.76,"Gamma","infra","media","rolled_back"
31.48,7.09,75,3,82.2,9.75,"Alpha","infra","alta","failed"
18.64,14.18,90,4,99.9,11.19,"Gamma","auth","crítica","failed"
6.64,10,101,5,53.5,3.68,"Gamma","ui","media","success"
32.74,20.29,84,5,72.6,53.96,"Beta","infra","media","success"
6.22,11.09,78,1,87.7,15.38,"Gamma","api","alta","success"
16.65,13.13,77,3,44.2,10.66,"Alpha","test","baja","success"
8.32,7.81,85,5,80.5,15.35,"Alpha","ui","media","rolled_back"
26.6,13.78,78,4,69.7,3.58,"Alpha","auth","baja","rolled_back"
62.94,26.72,81,3,75.2,19.55,"Alpha","auth","alta","failed"
58.05,10.84,95,2,49.1,13.46,"Alpha","auth","media","success"
16.75,13.57,94,3,71.2,5.63,"Alpha","api","crítica","success"
41.19,10.64,85,4,80.6,8.96,"Delta","infra","crítica","failed"
20.12,31.66,92,3,85.5,3.64,"Alpha","ui","media","rolled_back"
53.72,18.31,85,2,50.9,NA,"Alpha","auth","media","success"
23.74,9.43,68,1,79.5,40.17,"Alpha","auth","baja","success"
49.93,16.24,91,4,58.6,2.07,"Gamma","auth","alta","failed"
17.69,8.22,79,3,65.5,2.19,"Gamma","test","baja","failed"
36.83,24.89,80,2,100,22.73,"Beta","auth","alta","failed"
18.18,39.83,84,2,76.5,13.05,"Gamma","auth","alta","failed"
24.05,8.78,84,4,63.5,6.79,"Delta","auth","baja","success"
63.13,10.69,88,0,74.3,3.32,"Gamma","auth","alta","success"
92.78,7.12,72,3,NA,10.66,"Alpha","api","alta","success"
35.09,12.19,82,2,61.2,7.23,"Alpha","ui","media","success"
50.83,23.06,65,2,83.9,1.18,"Delta",NA,"baja","failed"
56.8,11.55,98,5,67.1,3.42,"Beta","db","crítica","failed"
20.02,5.43,86,0,70.2,2.83,"Gamma","ui","alta","failed"
13.23,9.97,70,3,79.1,12.01,"Beta","auth","baja","success"
44.04,4.96,88,2,67.6,9.34,"Alpha","api","media","failed"
34.77,NA,92,1,71.6,10.84,"Gamma","ui","media","success"
35.49,8.79,87,0,59.9,3.12,"Beta","api","media","success"
26.82,5.51,86,6,77.3,7.15,"Beta","ui","media","success"
11.87,23.82,91,3,63.7,4.31,"Beta","auth","crítica","failed"
91.85,11.53,89,2,91.6,10.38,"Delta","ui","baja","success"
26.66,18.51,80,2,76.1,16.75,"Gamma","infra","media","failed"
63.77,20.08,97,5,67.1,37.55,"Beta","api","alta","success"
19.95,26.57,94,3,72.3,13.39,"Delta","api","media","success"
49.47,26.9,76,3,77.6,4.84,"Delta","ui","alta","failed"
27.73,12.27,89,6,65,10.42,"Alpha","db",NA,"success"
53.67,4.55,92,2,86.3,13.86,"Alpha","test","baja","success"
NA,10.37,72,3,57,5.08,"Delta","db","baja","success"
42.64,9.35,85,1,77.8,12.51,"Gamma","api","alta","success"
23.55,8.01,102,1,89.1,1.84,"Gamma","infra","baja","success"
25.76,11.16,93,3,70.6,23.3,"Beta","auth","crítica","success"
25.7,15.68,81,3,78.8,16.2,"Gamma","api","media","success"
24.16,13.66,73,6,93.8,5.96,"Gamma","api","baja","success"
30.33,6.95,68,0,58.3,1.87,"Alpha","test","alta","success"
31.41,19.56,89,4,82.8,4.97,"Alpha","auth","media","success"
51.97,14.47,75,4,95.4,5.8,"Gamma","api","crítica","failed"
38.19,27.73,99,NA,80,3.18,"Gamma","api","alta","success"
21.71,NA,81,1,98.2,8.2,"Alpha","ui","baja","success"
47.76,16.06,93,4,72.8,10.9,"Alpha","test","media","failed"
47.22,14.42,88,0,65.8,13.19,"Alpha","api","baja","failed"
26.27,10.26,98,2,42.8,4.08,"Gamma","infra","media","success"
41.81,7.12,76,5,67,NA,"Beta","db","baja","success"
33.5,19.19,86,7,69,4.48,"Beta","api","alta","rolled_back"
28.57,15.34,83,6,43,6.85,"Delta","db","crítica","rolled_back"
24.63,20.42,87,3,74.6,22.55,"Gamma","auth","alta","success"
16.57,18.04,84,3,90.8,9.48,"Beta","auth","media","failed"
25.45,12.9,109,1,70.1,30.75,"Delta","auth","media","success"
21.78,68.81,88,5,84.1,2.32,"Beta","ui","alta","rolled_back"
19.37,17.62,79,1,85,5.22,"Delta","test","crítica","rolled_back"
32.92,20.75,89,3,78.6,7.71,"Delta","api","media","success"
33.68,13.79,71,5,64.8,4.07,"Beta","db","media","rolled_back"
56.95,20.4,84,2,87.6,2.18,"Delta","ui","media","success"
36.01,16.47,84,7,65.8,31.61,"Beta","api","alta","success"
55.08,7.2,84,4,66.1,4.23,"Alpha","api","baja","success"
23.25,16.41,92,4,76.8,NA,"Beta","auth","crítica","rolled_back"
9.22,19.46,91,3,98.1,5.72,"Alpha","ui","alta","success"
59.65,14.65,93,1,76.3,12.13,"Beta","ui","baja","failed"
9.19,21.42,94,3,50.4,6.78,"Beta","db","baja","success"
66.7,8.3,84,7,71.8,6.65,"Gamma","infra","baja","failed"
25.81,17.7,88,3,87.9,3.1,"Beta","api","baja","failed"
77.3,15.93,83,3,98.4,12.37,"Alpha","auth","baja","success"
50.43,7.03,85,4,75,16.01,"Gamma","ui","baja","failed"
16.31,13.98,78,3,68.1,4.38,"Beta","test","baja","failed"
32.23,37.15,85,3,81.5,18.37,"Alpha","api","media","failed"
NA,24.76,79,3,49.8,7.37,"Gamma","ui","alta","success"
5.81,16.28,93,5,24.9,16.96,"Alpha","auth","media","failed"
74.44,23.04,70,1,88.1,3.85,"Beta","ui","media","failed"
30.46,11.22,83,6,72.6,2.12,"Alpha","ui","baja","success"
38.63,9.94,80,4,91,7.19,"Alpha","auth","alta","success"
10.89,7.14,93,3,67.8,29.53,"Alpha","ui","alta","success"
43.16,11.51,65,5,53.1,2.71,"Alpha","db","media","success"
19.44,9.97,77,6,82.1,7.75,"Alpha","api","alta","failed"
30.15,21.3,95,2,NA,5.64,"Delta","test","alta","success"
14.49,20.51,89,4,78.7,21.91,"Gamma","infra","baja","success"
39.87,26.46,88,4,82.7,3.48,"Gamma","test","media","rolled_back"
31.83,12.21,88,2,70.1,5.33,"Gamma","api","crítica","rolled_back"
35.67,81.86,76,5,68.3,6.11,"Alpha","test","alta","rolled_back"
231.79,24.03,84,1,57.6,3.76,NA,"api","media","success"
36.18,14.46,73,1,81.5,8.45,"Delta","db","baja","success"
22.3,11.38,87,2,84.7,4.87,"Beta","api","crítica","failed"
32.89,17.64,85,4,67.7,14.47,"Beta","ui","media","success"
11.31,24.9,90,3,51.4,19.86,"Delta","auth","baja","success"
34.11,7.64,93,4,77.6,8.48,"Beta","auth","alta","failed"
18.61,44.88,95,2,85.7,10.02,"Gamma","infra","crítica","rolled_back"
NA,28.26,68,3,77.5,4.79,"Alpha","infra","media","success"
65.77,11.23,91,5,55.9,9.65,"Gamma","api","alta","success"
28.85,10.72,89,6,63.2,3.71,"Beta","infra","media","rolled_back"
42.63,24.4,84,3,90,1.12,"Delta","db","baja","success"
37.01,22.68,62,4,50.9,143.79,"Delta","api","alta","success"
155.75,20.99,91,1,99.6,12.43,"Alpha","infra","crítica","success"
84.01,8.16,87,1,80.1,23.09,"Beta","api","alta","failed"
42.83,15.46,77,5,58.3,2.48,"Alpha","test","alta","success"
13.9,16.88,80,3,96.3,6.52,"Delta","db","alta","success"
128.69,26.57,78,5,69.7,4.67,"Alpha","auth","media","success"
71.78,16.29,87,4,63.6,12.9,"Gamma","api","media","success"
31.41,24.85,83,2,85.4,4.13,"Beta","ui","media","success"
28.48,19.52,107,4,79,3.89,"Beta","db","baja","success"
NA,16.35,73,4,NA,3.06,"Beta","ui","alta","success"
35.99,14.85,91,3,77.7,3.68,"Alpha","db","media","rolled_back"
79.19,61.09,104,3,71.4,13.1,"Alpha","auth","alta","failed"
17.99,31.44,54,3,69.6,33.44,"Beta","api","crítica","success"
26.28,9.08,76,6,74.5,6.12,"Beta","infra","baja","success"
39.77,8.33,84,3,48,1.41,"Gamma","db","baja","rolled_back"
59.86,5.71,73,3,77.6,9.04,"Alpha","db","alta","success"
33.28,13.95,81,1,59.7,1.85,"Delta","infra","alta","success"
55.25,7.89,88,6,66.4,4.67,"Delta","auth","baja","success"
14.85,20.05,93,3,57.4,2.2,"Alpha","ui","alta","failed"
38.49,10.05,87,3,55.9,14.45,"Gamma","ui","baja","success"
55.37,9.81,85,2,53.2,5.55,"Gamma","db","media","success"
15.36,6.48,102,2,84.7,12.53,"Gamma","api","crítica","success"
9.13,24.88,94,5,100,1.9,"Alpha","auth","media","success"
14.93,9.33,79,3,80.1,26.15,"Gamma","db","crítica","success"
40.52,31.24,95,4,65.9,7.27,"Gamma","db","baja","failed"
20.97,20.68,81,2,62.2,10.75,"Alpha","ui","baja","success"
35.18,29.5,80,2,44.3,5.03,NA,"infra","alta","failed"
23.56,26.6,76,3,62.3,11.27,"Alpha","auth","media","success"
8.11,12.9,86,3,85.1,14.32,"Alpha","infra","alta","success"
8.17,13.85,92,6,88.1,11.26,"Gamma","auth","media","success"
12.56,19.44,64,3,66.9,3.03,"Delta","api","media","failed"
18.58,21.78,86,3,93.3,6.32,"Alpha","auth","media","success"
31.02,24.29,77,5,43.1,NA,"Gamma","Auth","crítica","rolled_back"
8.56,26.8,77,3,71,1.45,"Beta","test","alta","success"
83.61,14.27,74,3,56.3,15.64,"Beta","api","media","failed"
5.65,19.16,76,3,76.7,11.28,"Alpha","api","media","failed"
37.31,28.58,93,3,73,4.45,"Beta","ui","alta","success"
10.96,24.79,95,5,82.4,2.4,"Alpha","db","crítica","success"
70.38,14.07,79,2,88.6,2.92,"Beta","db","baja","rolled_back"
43.06,12.57,106,3,100,5.22,"Delta","infra","crítica","failed"
37.61,18.47,82,0,65.1,20.23,"Gamma","test","crítica","success"
24.77,47.82,78,3,84.2,9.57,"Beta","auth","baja","success"
148.91,11.23,88,1,86.6,9.35,"Gamma","ui","alta","success"
18.75,7.9,71,2,60.9,3,"Delta","ui","alta","success"
42.25,19.47,85,6,78.8,29.46,"Beta","test","crítica","success"
33,6.11,103,4,75.4,3.64,"Gamma","infra","alta","success"
131.1,13.99,99,5,68.8,9.34,"Delta","api","media","rolled_back"
19.64,25.41,76,2,66.5,20.79,"Beta","ui","baja","success"
89.52,21.3,95,3,52.8,3.87,"Gamma","api","media","success"
36.19,12.48,79,3,82.7,2.96,"Delta","test","alta","success"
28.51,29.55,85,1,70.1,7.7,"Beta","test","media","success"
101.79,41.51,84,2,68.4,3.75,"Alpha","api","alta","success"
88.28,24.74,88,2,68.5,7.41,"Delta","api","media","success"
21.66,11.47,102,4,73.1,14.47,"Alpha","api","media","success"
23.27,37.67,78,3,74,3.11,"Alpha","ui","baja","success"
15.19,6.97,77,4,61.7,4.47,"Gamma","api","media","failed"
25.07,14.73,85,4,76.9,121.99,"Beta","ui","media","failed"
23.13,38.51,99,2,NA,4.7,"Beta","db","alta","success"
35.88,12.85,101,3,86.5,12.56,"Gamma","ui","alta","success"
66.57,28.26,84,3,62.6,16.03,"Gamma","auth","alta","success"
30.3,90.81,74,3,73.7,23.24,"Alpha","infra","media","success"
39.33,8.79,84,7,65.2,37.4,"Gamma","api","baja","success"
12.78,10.96,85,0,82,36.11,"Delta","test","baja","rolled_back"
12.6,13.19,77,3,84.7,9.52,"Beta","api","alta","failed"
20.95,12.83,87,0,69.8,1.13,"Alpha","infra","alta","success"
55.8,27.34,85,NA,56.6,1.56,"Alpha","api","media","failed"
NA,10.42,79,2,60.1,16.98,"Alpha","test","media","success"
155.87,14.46,82,2,81.5,19.75,"Alpha",NA,"alta","failed"
43.2,11.44,76,2,83.4,9.19,"Delta","auth","media","rolled_back"
43.31,10.98,71,6,69.9,5.58,"Beta","db","baja","failed"
15.67,13.81,82,2,52.5,6.98,"Alpha","ui","media","success"
23.9,13.48,95,3,80.5,12.1,"Gamma","test","media","rolled_back"
42.32,10.61,80,5,78,11.42,"Delta","infra","media","success"
NA,26.35,86,2,60,12.59,"Alpha","api","media","failed"
61.25,6.88,96,2,51.4,2.97,"Gamma","auth","baja","success"
28.37,7.1,97,3,76.8,4.36,"Delta","api","baja","success"
52.55,41.98,85,1,76.8,3.94,"Alpha","ui","baja","success"
74.62,15.1,73,4,88.8,7.66,"Alpha","api","baja","success"
58.85,28.71,87,5,78.7,5.73,"Beta","api","alta","rolled_back"
47.24,8.54,67,6,83.1,4.84,"Delta","api","media","success"
36.52,22.42,74,3,61.5,24.11,"Delta","infra","baja","success"
23.39,30.49,79,1,50,10.56,"Gamma","auth","crítica","success"
6.06,10.21,77,1,66,4.26,"Delta","ui","media","failed"
61.75,8.26,84,3,82.6,18.08,"Delta","test","media","rolled_back"
124.32,15.1,89,1,52.5,7.97,"Gamma","db","alta","success"
29.57,22.19,82,3,63.6,2.58,"Gamma","auth","baja","failed"
87.92,5.75,70,9,65.4,4.86,"Delta","db","baja","success"
11.44,23.18,86,1,91,11.99,"Gamma","api","baja","success"
11.52,16.8,89,0,70.5,6.78,"Beta","auth","baja","success"
32.61,NA,83,2,76.6,14.02,"Alpha","api","baja","success"
38.32,10.87,92,2,72.1,26.55,"Alpha","infra","crítica","success"
41.14,9.72,97,1,NA,0.76,"Beta","ui","alta","success"
21.74,20.63,81,4,97.3,4.73,"Beta","ui","alta","rolled_back"
211.82,9.48,100,1,82.2,3.41,"Alpha","test","media","failed"
18.05,21.54,84,3,73.8,21.75,"Alpha","api","baja","success"
19.57,10.04,80,6,65.1,6.12,"Gamma","ui","media","failed"
56.31,10.24,81,7,NA,2.74,NA,"api","alta","success"
40.33,11.7,85,6,69.4,19.68,"Gamma","api","baja","success"
5.94,36.41,85,2,58.3,8.84,"Delta","api","media","success"
47.96,22.74,68,5,67.7,10.05,"Alpha","ui","baja","success"
31.39,16.17,85,4,76.9,3.23,"Alpha","test","media","success"
37.75,14.4,85,4,78.4,6.45,"Alpha",NA,"alta","failed"
42.42,11.04,80,3,100,21.62,"Beta","api","alta","success"
39.86,12.89,80,2,56,5.02,"Alpha","infra","media","success"
34.83,6.39,83,4,51.2,3.98,"Alpha","auth","baja","success"
22.38,10.86,99,0,62.9,10.17,"Gamma","infra","media","success"
49.95,37.23,88,4,73.7,12.55,"Delta","db","baja","success"
204.63,29.79,92,3,77.1,19.11,"Beta","auth","baja","rolled_back"
28.24,11.8,98,3,48.2,2.04,"Alpha","infra","crítica","success"
56.51,16.01,83,1,100,3.51,"Alpha","api","baja","success"
41.09,11.36,88,NA,100,3.03,"Alpha","ui","media","rolled_back"
81.55,7.41,93,4,50.3,2.72,"Beta","ui","media","failed"
43.48,15.54,98,5,74,6.09,"Beta","auth","media","rolled_back"
27.2,16.23,72,4,81.2,1.2,"Alpha","ui","media","success"
26.84,10.37,98,3,99.9,7.06,"Gamma","ui","baja","success"
60.61,95.24,85,3,90.4,5.62,"Alpha","api","media","success"
35.93,12.05,109,3,66.2,15.77,"Beta","api","media","rolled_back"
70.24,26.47,74,4,85.9,7.52,"Gamma","auth","alta","success"
13.13,29.21,80,4,91.2,30.84,"Beta","auth","baja","success"
71.3,8.13,83,1,60.2,9.89,"Alpha","api","alta","success"
101.42,8.87,74,2,94.2,7.5,"Beta","infra","alta","success"
43.42,15.13,77,2,71.8,28.09,"Gamma","api","crítica","success"
45.1,51.1,79,2,56.6,15.36,"Delta",NA,"baja","success"
169.8,16.74,65,3,60.9,8.56,"Gamma","auth","baja","success"
93.6,14.44,70,4,62,11.05,"Gamma","api","baja","success"
14.43,19.19,75,3,84.2,4.32,"Delta","ui","crítica","success"
52.98,15.81,82,0,67.5,13.71,"Alpha","test","alta","failed"
40.14,26.18,NA,3,57.3,14.51,"Alpha","ui","media","failed"
32.82,51.23,101,7,39.4,22.91,"Beta","ui","alta","failed"
56.35,28.36,86,4,63.8,2.08,"Beta",NA,"media","success"
19.7,24.85,93,6,61.8,5.98,"Beta","db","baja","success"
30.98,52.97,96,1,57.6,7.66,"Beta","db","media","success"
31.37,9.72,84,4,42.8,2.53,"Gamma","ui","crítica","success"
NA,7.44,77,0,72.6,43.22,"Alpha","db","alta","rolled_back"
40.78,10.01,82,3,62,8.98,"Beta","test","media","success"
81.18,14.78,106,4,71.2,21.71,"Beta","auth","media","failed"
98.68,13.27,NA,3,72,6.09,"Gamma","ui","media","failed"
76.42,27.81,82,3,61.6,3.54,"Beta","api","baja","success"
147.24,12.28,73,5,83.4,7.41,"Delta","auth","alta","success"
115.58,13,95,3,70.6,6.58,"Delta","db","crítica","failed"
63.07,14.29,80,2,78.6,12.28,"Alpha","auth","media","success"
26.06,18.28,87,1,81.8,7.77,"Alpha","test","media","success"
23.4,16.66,92,4,89.4,5.6,"Alpha","test","alta","success"
65.04,4.11,84,4,75.4,4.04,"Delta","ui","crítica","success"
47.3,13.17,99,3,66.7,8.65,"Beta","ui","media","failed"
59.65,27.62,73,1,93,21.89,"Beta","test","alta","success"
51.98,40.48,95,7,74,19.77,"Gamma","db","media","failed"
89.58,8.21,84,5,77.4,11.55,"Delta","auth","alta","success"
36.36,14.88,91,3,72,15.48,"Beta","auth","alta","rolled_back"
146.13,7.59,83,3,70.9,29.02,"Alpha","api","baja","success"
44.19,11.2,77,3,85.2,9.55,"Delta","ui","baja","success"
87.99,88.39,83,3,63,5.57,"Alpha","test","baja","success"
24.89,25.95,98,1,81.7,1.58,"Alpha","infra","crítica","success"
44.57,51.04,74,1,81.6,5.49,"Delta","api","alta","rolled_back"
23.05,16.97,88,1,NA,3.92,"Alpha","api","media","failed"
11.18,23.94,96,2,45.1,10.04,"Gamma","infra","alta","failed"
14.01,25.45,61,5,98.7,8.24,"Beta","auth","media","success"
142.8,6.27,NA,7,81.9,9.85,"Alpha","test","crítica","failed"
16.7,10.57,73,4,78.9,5.69,"Alpha","auth","baja","success"
8.68,13.51,88,1,70.9,10.52,"Alpha","infra","media","success"
26.99,20.39,88,2,60.3,7.18,"Alpha","db","media","success"
19.47,16.44,88,2,58.4,5.51,"Alpha","db","media","success"
52.57,11.65,71,7,59.7,2.93,"Gamma","test","media","success"
29.84,29.67,82,6,97.5,5.25,"Delta","ui","crítica","success"
37.62,6.74,96,5,76.2,4.55,"Gamma","api","media","success"
27.21,18.31,83,2,53.1,12.73,"Delta","db","media","success"
33.94,34.44,72,5,58.4,7.19,"Gamma","api","media","success"
50.52,11.07,78,2,78.2,9.61,"Alpha","infra","media","failed"
63,30.18,74,2,58.2,10.35,"Alpha","api","media","success"
20.09,35.41,78,2,59.3,9.53,"Delta","infra","baja","success"
131.62,11.78,79,2,89.9,17.32,"Beta","db","media","success"
73.72,21.26,94,2,64.7,10.29,"Delta ","infra","media","success"
24.81,25.03,103,5,88.2,32.01,"Beta","db","baja","success"
18.92,6.88,85,2,67.1,10.02,"Alpha","api","media","success"
54.87,17.35,83,1,74.9,27.06,"Beta","api","crítica","success"
19.11,16.11,82,2,95.7,7.66,"Beta","api","media","success"
15.01,12.23,84,1,80.1,5.16,"Beta","api","alta","success"
11.84,9.77,92,3,92.4,8,"Gamma","test","alta","rolled_back"
41.16,6.67,89,3,51.7,8.83,"Alpha","ui","baja","failed"
54.98,72.38,98,NA,81.4,12.07,"Delta","ui","alta","failed"
20.78,19.92,95,3,92.4,11.78,"Alpha","api","alta","rolled_back"
85.91,16.59,88,3,91.4,25.93,"Delta","test","media","rolled_back"
9.73,26.37,77,0,60.4,1.67,"Gamma","api","alta","success"
19.06,29.19,89,2,NA,3.02,"Delta","api","baja","success"
33.11,13.01,94,0,75.6,5.75,"Beta","ui","baja","success"
38.03,12.83,90,1,95.8,5.28,"Beta","db","crítica","failed"
13.5,7.48,104,2,NA,25.4,"Alpha","api","alta","success"
40.86,42.87,70,3,74.3,6.8,"Beta","infra","media","success"
23.84,28.73,84,4,49.5,5.86,"Alpha","api","alta","success"
20.73,29.52,91,2,55.3,16.92,"Gamma","auth","media","failed"
10.58,13.66,76,5,NA,11.77,"Delta","api","media","rolled_back"
27.21,30.99,103,4,68.4,8.65,"Alpha","infra","crítica","success"
27.77,6.3,99,4,72.9,5.68,"Beta","test","media","success"
68.46,8.17,82,1,54.5,10.03,"Beta","ui","baja","success"
7.94,11.67,83,NA,71.5,2.46,"Delta","api","alta","success"
130.53,10.77,95,3,91.8,16.62,"Gamma",NA,"baja","success"
25.33,27.2,79,2,72.1,1.5,"Delta","ui","media","success"
68.68,26.45,81,3,78.3,24.9,"Alpha","auth","baja","success"
38.26,16.4,91,3,71.6,4.38,"Alpha","test","alta","success"
57.87,11.67,77,3,61.6,9.37,"Beta","db","baja","failed"
41.79,15.65,79,0,84.2,8.21,"Alpha","test","baja","failed"
23.51,66.5,76,1,77.9,6.95,"Alpha","db","alta","success"
22.05,9.42,89,2,49.1,20.26,"Gamma","api","baja","failed"
13.09,45.11,87,4,82.4,8.81,"Gamma","infra","media","failed"
44.37,23.17,93,3,66,16.06,"Beta","api","alta","success"
12.9,26.94,86,1,82.8,17.53,"Alpha","test","media","success"
30.42,20.03,101,2,85.8,9,"Beta","api","alta","success"
21.48,3.97,85,3,81.6,19.33,"Alpha","infra","crítica","success"
36.15,39.04,102,5,77.6,12.24,"Delta","api","crítica","success"
73.13,18.17,97,3,70,1.75,"Beta","ui","media","rolled_back"
10.11,42.26,95,2,72.1,15.59,"Beta","infra","baja","success"
39.68,23.09,92,0,50.5,4.62,"Delta","test","media","success"
24.27,9.83,95,3,78.1,8.35,"Beta","ui","baja","rolled_back"
44.47,15.28,91,0,65.8,8.21,"Beta","ui","media","failed"
15.49,21.24,76,2,66,7.71,"Alpha","infra","media","success"
12.39,8.84,92,5,90.4,7.94,"Beta","api","crítica","success"
40.69,12.01,82,2,51.2,14.47,"Gamma","api","baja",NA
39.43,16.62,NA,1,66.6,10.24,"Delta","db","media","rolled_back"
48.68,25.15,83,0,84,13.15,"Gamma","test","alta","failed"
15.33,12.94,78,2,54.5,3.09,"Alpha","api","media","success"
8.81,14.72,94,1,31.8,12.94,"Delta","infra","alta","success"
95.71,28.15,83,2,67.8,6.82,"Delta","api","media","success"
28.04,3.7,83,4,77.4,2.09,"Delta","ui","alta","failed"
32.59,23.64,86,4,67.3,14.64,"Beta","infra","baja","success"
32.57,13.12,86,6,46,3.73,"Alpha","db","baja","success"
23.87,19.31,87,2,90.4,29.86,"Delta","api","media","failed"
11.63,15.51,83,4,74.7,4.02,"Beta","infra","crítica","success"
35.91,46.95,72,1,78.4,6.27,"Alpha","api","alta","failed"
19.19,18.91,90,4,65,0.9,"Gamma","api","baja","success"
23,21.53,89,3,73.2,1.98,"Delta","api","media","failed"
92.86,51.19,93,5,81.9,1.67,"Alpha","infra","media","success"
34.72,9.56,88,5,96.9,3.49,"Alpha","infra","alta","success"
NA,9.52,93,4,50.7,19.66,"Gamma","test","media","failed"
18.48,5.24,90,4,83,6.04,"Delta","api","media","success"
25.7,4.76,79,4,77.7,7.89,"Alpha","auth","alta","success"
121.8,29.88,98,4,65.6,13.94,"Gamma"," UI","baja","success"
41.56,24.45,75,4,64.2,NA,"Alpha","auth","baja","success"
35.32,29.39,93,4,61.5,19.89,"Alpha","ui","media","failed"
34.22,24.06,81,3,58.9,7.8,"Beta","db","baja","success"
31.07,15.77,83,3,97.8,9.45,"Beta","api","baja","success"
20.13,7.69,87,3,77.6,5,"Beta","test","media","success"
26.43,7.63,83,1,80.8,2.89,"Gamma","auth","crítica","failed"
55.75,10.04,89,1,79.5,14.64,"Delta","ui","crítica","rolled_back"
20.61,16.86,81,4,72.8,2.38,"Delta","db","baja","success"
8.98,12.47,109,6,83.6,3.48,"Alpha","infra","alta","rolled_back"
96.81,15.66,98,5,NA,6.04,"Gamma","api","alta","success"
33.21,24.51,89,7,70.7,3.39,"Alpha","infra","alta","success"
58.7,16.76,95,3,51,5.03,"Beta","auth","baja","rolled_back"
NA,29.21,98,5,98,10.57,"Beta","db","media","failed"
75.29,39.99,100,1,71,3.81,"Delta","api","baja","success"
46.09,23.37,89,3,57.6,13.75,"Alpha","auth","baja","success"
79.92,28.71,81,6,77.6,3.8,"Delta","auth","crítica","success"
70.54,7.19,80,2,74.2,17.22,"Alpha","infra","baja","rolled_back"
51.04,12.76,97,3,75.5,3.19,"Gamma","auth","baja","failed"
6.03,11.46,84,1,88.9,6.42,"Gamma","db","alta","rolled_back"
21.36,18.28,76,2,68.2,8.87,"Delta","auth","alta","success"
10.59,36.49,81,2,89.1,11.74,"Beta","ui","crítica","success"
14.67,30.49,69,5,83.6,4.95,"Delta","auth","baja","success"
24,48.24,86,2,73.2,3.25,"Alpha","api","media","success"
31.18,19.09,77,6,86.8,4.48,"Gamma","auth","alta","rolled_back"
28.21,21.43,90,3,91.5,11.49,"Gamma","auth","alta","success"
93.96,13.5,111,0,56.5,24.36,"Gamma",NA,"alta","failed"
36.45,11.04,94,0,62.9,2.43,"Delta","infra","media","rolled_back"
97.61,29.05,88,2,63.9,2.6,"Alpha","auth","media","rolled_back"
43.5,19.04,108,0,60,3.29,"Gamma","ui","baja","rolled_back"
28.48,58.41,85,2,87.1,9.12,"Alpha","infra","baja","failed"
40.76,64.84,78,1,81.8,4.73,"Beta","db","crítica","success"
8.54,15.5,95,2,95.3,7.19,"Beta","ui","alta","rolled_back"
NA,16.76,88,5,62.3,1.97,"Alpha","ui","alta","success"
32.52,8.49,83,1,100,4.35,"Gamma","api","alta","failed"
71.06,9.69,80,4,79.5,8.68,"Beta","ui","media","rolled_back"
47.46,22.74,85,5,72.1,2.71,"Alpha","auth","media","success"
35.29,23.73,77,5,80.9,7.54,"Gamma","api","alta","failed"
31.8,24.86,90,5,54.7,8.29,"Delta","auth","crítica","success"
71.26,16.42,80,5,66.5,0.81,"Beta","ui","media","success"
32.93,18.5,87,3,39.5,20.24,"Gamma","auth","crítica","success"
25.04,12.5,91,3,55.3,4.55,"Gamma","api","baja","rolled_back"
73.45,32.48,72,4,85.5,2.63,"Beta","auth","media","success"
32.58,23.22,77,3,85.6,11.06,"Alpha","api","alta","success"
32.68,12.22,81,2,54.2,8.08,"Gamma","api","media","success"
55.51,20.35,NA,2,95.3,1.7,"Alpha","api","alta","failed"
58.17,11.1,81,2,61.2,10.3,"Beta","auth","crítica","failed"
39.62,34.1,88,1,96.3,6.46,"Beta","api","media","rolled_back"
43.1,29.29,95,5,79.7,7.26,"Beta","api","alta","success"
54.13,5.78,98,3,77,18.73,"Beta","ui","baja","success"
51.51,24.76,80,1,47.8,5.87,"Alpha",NA,"alta","rolled_back"
11.38,85.76,81,7,100,NA,NA,"db","media","success"
52.87,35.13,74,2,NA,2.37,"Beta","ui","media","success"
28.7,6.22,90,7,68.8,12.79,"Gamma","infra","baja","success"
11.91,10.15,75,3,58,22.34,"Alpha","db","media","success"
11.39,14.6,96,6,37,5.89,"Gamma","auth","baja","success"
15.78,19.16,82,1,60.4,3.38,"Beta","ui","baja","success"
98.01,20.25,90,1,66.4,9.68,"Alpha","auth","media","success"
58.79,14.3,75,10,73.1,5.95,"Delta","auth","alta","success"
28.74,38.6,95,4,76.4,3.28,"Alpha","infra","media","success"
57.34,12.4,84,2,56.6,3.71,"Delta","infra","crítica","success"
NA,14.12,79,0,69.3,2.54,"Alpha","ui","media","rolled_back"
6.63,55.46,78,5,98.3,4.93,"Beta","api","media","rolled_back"
43.02,9,86,3,67.7,14.13,"Alpha","ui","crítica","success"
38.62,26.59,85,1,54.3,8.89,"Gamma","db","media",NA
NA,7.78,99,5,77.3,4.48,"Gamma","infra","baja","success"
20.55,19.04,74,2,30.5,3.68,"Beta","ui","alta","success"
59.14,20.63,65,1,52,11.91,"Beta","auth","media","failed"
27.23,9.14,82,2,87.5,30.78,"Gamma",NA,"media","success"
21.26,8.48,92,0,57.9,11.63,"Beta","api","media","failed"
14.16,10.36,75,1,81.4,32.77,"Beta","infra","baja","success"
45.1,5.86,95,4,84.2,5.95,"Beta","ui","crítica","success"
14.31,6.49,104,6,54.1,5.03,"Alpha","ui","baja","success"
22.51,36.06,87,3,61.5,20.77,"Alpha","test","media","success"
130.65,17.8,81,4,85,2.38,"Beta","infra","baja","success"
13.07,15.44,89,5,99.4,13.57,"Alpha","auth","media","success"
33.88,10.83,99,4,64.8,3.64,"Alpha","auth","baja","success"
56.45,15.7,89,1,84.9,3.49,"Gamma","ui","baja","failed"
48.81,18,93,3,57,4.8,"Gamma","api","media","success"
22.75,9.54,81,4,63.6,17.11,"Gamma","test","baja","rolled_back"
38.95,10.61,86,5,79.8,6.23,"Delta","infra","baja","success"
32.88,31.26,93,2,100,14.86,"Gamma","ui","media","failed"
29.75,34.04,90,5,68.5,1.83,"Delta","db","alta","failed"
NA,8.98,89,4,40.7,7.87,"Beta","auth","baja","success"
10.88,10.34,77,6,67.9,12.5,"Alpha","ui","baja","failed"
128.19,9.56,85,2,45,10,"Delta","auth","baja","success"
59.25,12.74,79,3,92.4,2.86,"Delta","auth","baja","rolled_back"
66.41,11.88,93,3,75.7,4.99,"Beta","test","alta","rolled_back"
51.02,15.19,84,1,92.3,30.29,"Alpha","api","media","rolled_back"
93.77,11.2,95,2,79.7,1.7,"Delta","auth","media","success"
25.75,5.69,95,5,70.2,3.06,"Beta","infra","alta","success"
26.53,7.79,92,2,58.7,14.83,"Beta","infra","media","rolled_back"
28.51,19.72,94,3,58.5,8.5,"Alpha","ui","crítica","success"
70.27,11.79,74,3,NA,8.35,"Beta","api","alta","success"
49.4,23.15,89,4,71.2,14.15,"Alpha",NA,"media","success"
33.28,20.04,84,2,79,5.72,"Beta","test","alta","rolled_back"
42.16,14.49,92,3,57.6,2.67,"Gamma","test","baja","rolled_back"
64.51,12.97,85,4,48.7,8.54,"Alpha","ui","media","success"
13.16,21.69,94,2,100,5.92,"Beta","infra","media","success"
14.2,16.79,95,4,71.1,30.44,"Alpha","db",NA,"success"
13.96,14.35,93,1,43.5,2.36,"Beta","auth","media","success"
73.18,43.61,88,2,87.8,13.57,"Gamma","ui","media","success"
160.29,10.56,78,4,60.1,3.97,"Delta","test","media","success"
28.34,21.22,92,5,71.8,7.78,"Gamma","api","baja","success"
18.93,22.64,104,2,73.8,3.49,"Alpha","test","alta","failed"
59.91,16.93,83,5,57.1,5.61,"Gamma","infra","baja","rolled_back"
NA,11.98,88,0,74.8,4.76,"Gamma","api","baja","success"
21.68,21.68,84,3,91.2,6.36,"Beta","infra","baja","success"
110.26,33.08,98,2,92.4,14.14,"Beta","ui","crítica","success"
17.35,25.96,78,6,69.1,5.73,"Gamma","auth","baja","failed"
22.76,33.4,110,2,45.1,6.9,"Alpha","auth","alta","success"
11.98,21.4,70,3,36.5,14.53,"Delta ","db","alta","success"
44.67,17.15,70,6,57.6,8.5,"Alpha","ui","baja","success"
18.89,17.61,87,5,100,3.67,"Gamma","ui","alta","failed"
34.82,11.73,80,1,73.4,27.24,"Delta","api","alta","success"
78.69,18.93,90,2,54.5,12.75,"Beta","db","baja","success"
NA,20.86,68,NA,48.9,4.42,"Beta","ui","media","success"
61.03,24.87,80,3,83.1,NA,"Delta","api","media","success"
37.85,13.91,83,3,54.6,6.69,"Beta","api","alta","success"
43.95,21.5,88,3,87.7,12.73,"Beta","infra","crítica","success"
20.97,9.51,84,3,86.4,12.67,"Beta","api","alta","success"
9.71,14.51,89,1,73.4,23.02,"Gamma","ui","crítica","rolled_back"
11.64,12.37,82,2,93.5,7.78,NA,"ui","media","failed"
27.58,7.57,81,1,81,18.71,"Alpha","db","baja","rolled_back"
39.27,13.36,105,1,83.6,18.55,"Beta","auth","baja","success"
20.45,9.2,81,1,54,3.79,"Alpha","db","media","failed"
57.95,13.9,79,3,86.2,7.15,"Delta","db","baja","success"
58.11,12.23,83,3,80.9,9.27,"Alpha","auth","media","success"
33.08,13.49,77,6,90.6,2.79,"Gamma","infra","baja","failed"
66.63,12.74,86,5,64.4,23.42,"Alpha","test","baja","success"
50.17,26.75,93,3,90.4,5.23,"Beta","infra","alta","success"
83.95,15.79,80,3,80.9,4.5,"Gamma","ui","media","success"
135.24,12.87,85,2,60.5,14.82,"Alpha","ui","media","failed"
14.86,27.04,93,5,50.8,10.38,"Alpha","ui","baja","success"
NA,5.11,87,1,NA,1.71,"Gamma","api","baja","success"
24.4,12.37,86,1,54.7,8.2,"Alpha","infra",NA,"success"
47.63,7.52,80,4,95.9,7.75,"Beta","infra","alta","failed"
29.99,12.04,80,2,61.7,195,"Beta","ui","alta","failed"
10.68,11.66,98,2,85.9,13.28,"Beta","ui","media","success"
20.28,17.91,86,4,69.2,13.59,"Beta","api","alta","success"
12.6,22.77,78,3,63.4,12.71,"Gamma","test","media","success"
13.81,15.55,77,3,100,11.6,"Alpha","api","alta","rolled_back"
7.08,17.71,92,2,66.8,35.71,"Gamma","infra","media","success"
30.09,27.36,95,2,57,4.71,"Beta","auth","alta","success"
12.32,53.31,97,0,85.9,7.32,"Beta","ui","baja","success"
26.96,7.58,74,4,51.7,NA,"Gamma","test","crítica","success"
32.29,11.02,78,4,86.9,5.99,"Alpha","test","media","rolled_back"
29.2,21.47,84,2,61.3,49.49,"Gamma","ui","media","failed"
19.79,21.47,77,3,72.3,12.61,"Delta","api","media","success"
26.23,17.87,97,2,72.6,9.1,"Gamma","db","baja","rolled_back"
20.61,66.41,71,3,85.2,4.74,"Alpha","test","baja","failed"
40.01,11.15,78,0,100,7.21,"Beta","ui","baja","failed"
11.2,6.74,102,1,62.1,12.36,"Beta","api","alta","success"
81.04,10.13,89,7,62.9,4.52,"Beta","db","baja","failed"
13.61,22.25,83,4,64.8,33,"Beta","auth","media","failed"
21.82,10.02,81,2,71.1,17.07,"Alpha","auth","media","success"
33.14,20.72,89,3,100,8.09,"Alpha","infra","media","success"
14.48,21.43,87,3,91.8,2.65,"Gamma","api","media","success"
26.27,8.73,89,3,69,1.46,"Alpha","auth","baja","success"
92.33,6.53,80,5,85.5,2.17,"Gamma","db","alta","failed"
33.95,19.87,73,4,72,7.73,"Alpha","api","baja","success"
42.3,10.41,88,3,49.9,4.34,"Delta","auth","media","success"
66.12,70.11,91,3,93.6,4.76,"Gamma","infra","media","success"
46.7,13.76,84,0,71,16.11,"Gamma","api","media","success"
35.15,22.37,89,3,62.5,2.84,"Alpha","ui",NA,"success"
45.85,32.97,84,3,49.4,5.08,"Beta","api","media","success"
31.71,6.96,84,2,86,26.53,"Beta","infra","media","success"
54.37,14.99,117,3,76.2,1.47,"Beta","auth","alta","success"
22.32,6.96,78,2,70.6,9.23,"Alpha","auth","alta","rolled_back"
21.77,20.2,88,6,93.9,27.43,"Delta","auth","media","failed"
75.27,23.53,86,4,76.5,18.77,"Gamma","ui","alta","success"
228.87,42.82,104,7,72.8,7.2,"Alpha","auth","alta","success"
37.51,11.74,90,2,65.6,8.3,"Delta","test","media","success"
57.29,12.8,75,2,69.1,3.42,"Alpha","api","alta","success"
31.79,27.93,73,2,78.4,5.59,"Gamma","infra","media","success"
9.14,26.67,81,3,66.7,36.06,"Gamma","api","media","success"
15.4,38.48,68,3,85.6,5.37,"Beta","auth","baja","success"
54.44,159.92,125,1,72.7,21.95,"Gamma","api","media","failed"
25.33,11.39,67,2,84.2,23.03,"Alpha","ui","media","success"
50.52,10.67,81,8,43.5,5.19,"Alpha","db","alta","failed"
19.44,22.01,106,4,48,15.72,"Beta","db","media","rolled_back"
108.13,12.55,87,4,70.4,27.9,"Gamma","api","media","success"
63.14,15.74,88,4,92.3,31.92,"Gamma","test","baja","failed"
38.6,30.18,83,5,46.1,30.02,"Gamma","auth","baja","success"
10.44,21.19,70,3,86.3,7.81,"Beta","db","media","success"
14.38,6.97,NA,3,80,10.48,"Gamma","auth","alta","failed"
73.92,55.18,93,4,71.4,10.33,"Gamma","test","media","success"
34.81,23.84,106,3,25.3,5.56,"Gamma","auth","media","success"
27.57,10.29,87,3,52.8,2.9,"Delta","ui","alta","success"
22.9,7.77,92,2,56,4.49,"Gamma","ui","alta","success"
23.04,11.02,81,2,59.2,1.43,"Beta","db","media","success"
12.59,18.51,83,3,61.7,1.89,"Gamma","ui","alta","success"
35.11,11.66,88,3,75.9,11.67,"Gamma","auth","media","success"
12.43,17.32,108,3,71.5,10,"Beta","db","baja","success"
40.96,16.59,94,4,78.2,10.32,"Delta","ui","media","success"
33.18,25.96,85,NA,94.2,13.36,"Alpha","auth","media","failed"
68.31,37.53,84,3,93.3,11.97,"Gamma","db","crítica","success"
43.3,19.51,82,6,95.5,11.52,"Alpha","test","alta","success"
13.49,16.5,78,4,71,9.93,"Delta","test","media","failed"
54.69,4.58,NA,5,89.2,4.12,"Delta","auth","baja","success"
15.59,11.6,85,4,58.4,26.39,"Delta","api","baja","failed"
27.33,40.25,93,2,65,2.86,"Gamma","test","crítica","failed"
17.28,12.63,84,1,67,4.57,"Beta","api","baja","success"
35.17,31.95,87,5,78.9,4.37,"Gamma","api","alta","failed"
38.84,33.02,90,3,74.9,7.42,"Gamma","ui","crítica","success"
37.03,20.2,82,6,83.2,4.14,"Alpha","api","alta","success"
20.74,12.66,68,3,84.7,12.23,"Delta","auth","alta","rolled_back"
34.9,28.3,86,2,65.3,4.18,"Delta","test","media","failed"
64.86,18.49,90,4,54.8,NA,"Beta","api","alta","success"
44.96,NA,73,3,84.8,4.48,"Beta","api","alta","success"
35.95,13.02,82,6,61.6,14.8,"Gamma","auth","alta","rolled_back"
118.45,28.46,96,1,67.7,6.82,"Alpha","api","media","success"
87.46,37.34,91,1,NA,6.25,"Alpha","auth","media","success"
48.21,8.35,83,3,47.1,11.41,"Beta","api","media","success"
17.05,27.4,98,2,94.5,13.25,"Delta","infra","media","success"
16.62,8.9,87,2,44.4,7.33,"Alpha","ui","crítica","success"
127.5,24.64,104,3,81.8,3.43,"Alpha","auth","alta","success"
12.22,15.66,74,5,88.1,10.28,"Delta","auth","alta","failed"
52.35,13.71,82,2,71.4,14.95,"Beta","ui","alta","failed"
203.17,8.5,78,1,77.1,3.9,"Delta","api","media","rolled_back"
17.66,30.31,71,3,100,17.19,"Beta","auth","baja","success"
80.55,11.02,92,4,53.7,29.19,"Gamma","infra","media","success"
19.74,7.86,84,8,79.2,22.17,"Gamma","db","alta","failed"
20.23,16.32,NA,3,100,7.74,"Alpha","api","media","failed"
26.03,17.11,82,5,89.2,4.59,"Gamma","ui","media","success"
36.79,35.85,78,4,79.3,7.17,"Gamma","ui","alta","success"
22.85,31.76,89,2,63.2,5.01,"Beta","db","media","success"
17.06,13.57,91,1,NA,8.71,"Alpha","ui","alta","success"
47.67,11.08,89,2,77.4,31.39,"Alpha","infra","alta","success"
48.89,24,85,2,94.5,6.01,"Alpha","auth","alta","rolled_back"
39.53,15.24,77,2,71.7,10.09,"Delta","auth","crítica","failed"
65.09,NA,74,5,63.8,5.54,"Beta","auth","crítica","rolled_back"
18.84,NA,66,4,61.9,7.59,"Gamma","api","alta","failed"
37.43,29.63,115,2,59.9,9.04,"Gamma","api","alta","rolled_back"
213.46,8.78,100,1,72,6.29,"Alpha","api","media","success"
5.79,6.88,90,6,56.6,6.79,"Delta","auth","baja","success"
18.9,8.28,89,2,77.9,5.34,"Alpha","ui","alta","success"
68.7,9.36,94,3,72.4,12.04,"Gamma","auth","alta","success"
46.77,13.11,89,2,100,9.81,"Beta","api","baja","success"
33.12,18.9,87,5,82.6,29.18,"Beta","db","baja","success"
10.68,13.69,64,1,52.2,43.22,"Delta","api","media","success"
28.6,18.41,97,4,95.4,NA,"Beta","test","media","rolled_back"
35.7,28.74,92,4,77,11.22,"Alpha","api","alta","failed"
40.22,7.48,72,2,77.6,5.22,"Gamma","infra","crítica","success"
24.56,14.04,83,4,50.3,14.38,"Alpha","db","media","success"
43.64,17.6,86,3,66.9,8.99,"Beta","api","media","success"
32.14,5.22,84,3,86.4,8.76,"Alpha","infra","baja","rolled_back"
87.52,13.66,77,4,83,1.84,"Gamma","db","baja","success"
144.65,26.27,86,3,60.9,15.19,"Beta","ui","media","rolled_back"
26.23,63.63,92,3,82.5,3.34,"Beta","auth","alta","rolled_back"
17.72,33.69,93,3,74.7,3.39,"Beta","auth","media","success"
76.52,12.76,76,5,74.4,16.9,"Alpha","api","baja","failed"
25.26,15.62,88,1,78.9,1.6,"Beta","db","media","success"
23.5,15.04,76,2,72.8,6.61,"Delta","db","alta","success"
15.2,74.2,80,5,57.7,4.48,"Beta","auth","crítica","success"
29.64,12.22,83,6,70,15.86,"Alpha","api","media","failed"
28.23,17.22,84,5,66.6,11.13,"Alpha","infra","media","success"
12.76,21.87,86,2,89.8,7.18,"Beta","infra","media","success"
112.9,34.05,69,2,73.4,5.96,"Delta","api","media","success"
14.6,14.07,63,5,47.7,6.99,"Gamma",NA,"baja","success"
45.13,16.29,78,4,NA,7.28,"Beta","auth","alta","success"
25.55,22.35,92,3,51.8,4.52,"Beta","db","alta","success"
27.7,10.36,84,2,81.3,7.96,"Alpha","auth","baja","success"
22.22,19.98,85,3,92.4,30.32,"Delta","ui","media","failed"
NA,10.25,93,3,43.7,14.93,"Alpha","ui","media","rolled_back"
87.6,9.09,72,1,90.8,29.14,"Beta","auth","alta","success"
53.17,8.91,88,4,77,27.91,"Alpha","db","baja","success"
76.64,23.81,81,4,77.3,8.46,"Delta","test","alta","success"
37.93,24.41,93,2,61.9,3.37,"Delta","ui","media","success"
11.56,16.5,77,2,68.2,0.56,"Delta","test","media","success"
23.85,42.68,78,4,75.7,4.77,"Delta","api","crítica","success"
41.68,17.43,80,3,56.1,6.07,"Delta","infra","media","success"
5.35,9.56,90,4,56.8,2.15,"Beta","api","crítica","success"
14.98,52.19,100,4,61.8,7.69,"Gamma","api","crítica","success"
31.49,22.51,86,2,71.6,2.34,"Gamma","api","baja","success"
16.89,21.61,88,3,74.4,3.21,"Alpha","ui","media","success"
19.82,16.23,74,4,56.1,16.29,"Delta","test","alta","success"
31.64,8.23,97,3,100,4.14,"Beta","api","media","success"
14.81,32.74,100,3,71.6,7.32,"Gamma","test","media","success"
17.91,21.28,73,0,68.3,18.86,"Alpha","api","baja","rolled_back"
87.55,21.84,94,1,68.4,4.67,"Alpha","api","alta","success"
24.68,8.9,91,2,NA,9.34,"Beta","auth","media","failed"
120.52,28.97,96,4,53,9.07,"Alpha","api","crítica","success"
32.82,14.23,89,3,56.3,15.02,"Beta","ui","crítica","success"
160.35,6.92,97,3,63.7,0.76,"Delta","ui","alta","success"
25.92,18.17,93,3,71.5,5.12,"Beta","db","alta","failed"
12.65,10.87,63,2,68.7,26.21,"Delta","db","media","failed"
37.35,23.08,75,3,71.7,10.62,"Beta","api","baja","success"
35.4,12.18,96,6,90.6,8.01,"Delta","test","media","success"
43.18,19.73,85,2,46.7,2.41,"Gamma","api","alta","failed"
35.34,44.48,84,0,64.1,9.56,"Delta","ui","media","success"
17.69,21.42,82,4,68.2,21.03,"Beta","infra","media","success"
35.08,NA,94,3,44.9,4.63,"Gamma","api","crítica","failed"
9.98,5.84,73,3,68.8,10.62,"Gamma","auth","media","rolled_back"
19.93,NA,91,3,77.6,7.17,"Alpha","test","crítica","failed"
113.96,10.19,75,4,70.1,4.4,"Gamma","db","media","success"
28.42,16.58,102,4,90,5.21,"Gamma","api","media","success"
28.5,7.97,103,4,70,10.01,"Delta","auth","baja","rolled_back"
61.59,43.17,75,1,96.1,3.66,"Beta","api","media","success"
229.69,9.35,75,0,57,3.69,"Gamma","ui","crítica","failed"
49.03,32.43,75,4,93.3,1.37,"Alpha","api","baja","rolled_back"
25.35,21.22,86,5,66.5,14.37,"Beta","test","baja","failed"
58.66,8.64,81,3,47.8,11.86,"Beta","ui","media","success"
24.28,32.85,94,3,73.9,4.53,"Alpha","api","alta","success"
NA,15.95,89,3,86.1,11.51,"Delta","db","media","success"
4.91,12.28,89,NA,73.6,4.6,"Beta","api","alta","failed"
16.73,6.63,80,5,92.6,3.94,"Beta","db","baja","success"
40.85,18.34,93,2,90.8,8.99,"Gamma","ui","alta","success"
NA,31.91,91,2,76.6,17.11,"Alpha","auth","alta","failed"
21.98,15.53,87,1,69.6,11.26,"Gamma","db","media","success"
23.4,15.34,80,1,79.3,6.52,"Beta","ui","alta","success"
25.13,10.31,87,6,74.7,6.77,"Alpha","db","baja","success"
15.98,14.32,89,3,76.6,12.51,"Gamma","api","media","success"
21.21,12.06,80,3,62.1,6.76,"Alpha","ui","baja","rolled_back"
62.67,16.07,95,1,77.9,13.95,"Gamma","ui","alta","success"
22.34,7.32,90,3,81.8,6.89,"Delta","infra","crítica","rolled_back"
176.61,3.49,88,2,73.6,15.78,"Beta","ui","media","success"
15,8.94,88,4,76,5.55,"Delta","auth","baja","rolled_back"
35.85,9.65,79,2,89.2,18.96,"Gamma","db","media","failed"
52.32,21.44,101,1,67.3,3.19,"Delta","ui","media","rolled_back"
61.18,13.01,79,4,81.7,6.03,"Beta","auth","media","success"
29.69,12.09,96,4,68.3,9.34,"Gamma","api","baja","success"
100.29,76.54,73,4,63.7,5.36,"Delta","ui","alta","failed"
32.7,9.87,81,3,87.8,8.54,"Alpha","infra","crítica","success"
17.05,24.13,93,0,57.9,4.25,"Gamma","auth","crítica","success"
48.15,14.59,83,2,88.1,9.79,"Alfa","test","media","success"
42.96,19.18,NA,2,64.2,14.28,"Gamma","api","baja","rolled_back"
6.42,25.99,98,2,53.7,7.71,"Alpha","auth","alta","success"
23.91,37.21,86,1,76.9,9.94,"Gamma","infra","baja","success"
25.24,8.29,77,6,80.8,2.3,"Gamma","test","baja","success"
36.58,31.84,74,0,62.1,2.87,"Beta","infra","alta","success"
69.85,10.19,68,0,100,6.96,"Alpha","auth","alta","success"
9,29.37,93,5,69.5,6.92,"Gamma","db","media","rolled_back"
31.86,8.08,63,5,36,9.2,"Gamma","auth","media","rolled_back"
3.19,5.95,86,5,75.3,21.3,"Beta","infra","baja","success"
23.9,10.72,74,0,85.9,14.92,"Delta","infra","crítica","success"
37.12,29.95,86,3,73.7,4.39,"Beta","db","media","failed"
23.37,5.39,82,2,74.4,4.16,"Alpha","api","alta","success"
41.2,15.27,80,4,94.3,3.84,"Alpha","api","media","failed"
68.11,24.02,86,2,59,13.56,"Beta","db","media","success"
40.41,15.62,71,3,70.6,8.73,"Gamma","api","media","success"
24.39,23.42,78,2,70.2,2.72,"Alpha","ui","baja","success"
25.04,19.31,81,2,79.5,18.15,"Gamma","test","baja","failed"
23.26,16.15,82,2,33.2,24.21,"Gamma","api","crítica","success"
38.23,12.67,108,2,78,6.16,"Gamma","db","media","success"
24.61,19.14,91,2,71.3,3.73,"Gamma","ui","media","rolled_back"
83.59,12.07,82,3,73.9,6.99,"Beta","ui","media","success"
10.92,35.93,97,4,78.1,25.12,"Delta","infra","alta","rolled_back"
25.28,17.36,94,4,97.9,2.15,"Beta","api","crítica","success"
31.08,20.07,74,4,55.2,29.85,"Alpha","auth","media","failed"
31.63,22.95,81,4,85.7,5.13,"Gamma","api","media","success"
32.72,16.29,78,2,71.7,6.05,"Beta","ui","alta","rolled_back"
40.79,73.43,78,4,62.9,3.29,"Beta","infra","alta","success"
53.27,30.38,86,2,88.7,15.54,"Alpha","auth","baja","success"
30.78,15.12,102,4,46.8,21.68,"Alpha","db","baja","success"
8.97,18.53,81,3,88.3,13.01,"Gamma","api","baja","rolled_back"
22.32,14.15,92,2,59,4.49,"Gamma","auth","media","success"
33.47,14.63,85,1,74,5.7,"Alpha","api","baja","success"
54.58,7.04,87,1,69.2,1.69,"Alpha","ui","baja","failed"
6.31,8.03,89,2,84.1,1.83,"Gamma","auth","alta","success"
27.67,NA,79,2,87.3,4.59,"Gamma","api","crítica","success"
58.83,14.88,77,7,52.2,8.15,"Alpha","auth","media","success"
21.52,58.39,71,4,77.6,19.64,"Alpha","ui","media","success"
38.33,56.19,73,2,71.2,6.35,"Gamma","infra","media","success"
18.43,5.77,83,4,53,7.85,"Delta","ui","media","success"
64.97,7.98,94,5,94.3,5.1,"Gamma","ui","crítica","failed"
9.87,26.11,72,4,69.9,6.76,"Alpha","db","media","success"
15.22,8.86,71,1,57.7,3.41,"Gamma","auth","media","success"
27.15,31.79,91,3,69.2,6.37,"Beta","infra","alta","rolled_back"
27.49,11.29,95,2,55.9,71.7,"Alpha","db","baja","success"
10.27,9.44,83,NA,NA,4.83,"Beta","api","media","success"
48.53,5.93,94,5,70.2,9.64,"Delta","infra","alta","success"
13.4,25.42,87,5,74,NA,"Alpha","api","media","success"
44.82,14.93,89,6,69,35.81,"Delta","api","crítica","success"
114.8,18.13,88,1,58.8,24.71,"Gamma","ui","baja","success"
225.74,42.02,92,0,76.6,12.59,"Alpha","auth","media","success"
16.55,6.21,87,6,60.4,3.69,"Alpha","api","baja","success"
51.21,NA,99,1,70.9,6.31,"Delta","ui","alta","success"
13.77,35.77,94,3,35.7,NA,"Gamma","api","alta","success"
56.43,14.29,82,5,89.8,13.97,"Delta","test","alta","rolled_back"
38.07,9.21,94,3,54.6,7.5,"Delta","auth","baja","rolled_back"
11.75,12.85,88,1,60.4,14.03,"Alpha","test","media","failed"
10.86,18.26,72,3,62.6,2.95,"Beta","api","media","success"
40.46,14.99,72,2,64.2,14.1,"Alpha","auth","alta","failed"
41.37,23.85,90,3,62.7,13.25,"Delta","infra","media","success"
40.67,7.55,81,4,69.6,16.04,"Gamma","api","alta","success"
18.73,8.34,85,3,92.8,0.88,"Alpha","api","baja","rolled_back"
47.77,18.91,100,1,76.7,5.47,"Beta","test","media","failed"
112.27,24.89,84,1,84.6,4.21,"Beta","api","media","failed"
39.57,50.02,89,4,53.5,11.13,"Beta","ui","baja","success"
21.06,14.36,75,3,98.9,13.36,"Gamma","auth","crítica","rolled_back"
31.68,10.3,96,0,69.1,9.27,"Beta","db","alta","failed"
22.88,22.28,77,2,80.1,1.79,"Alpha","test","baja","success"
7.72,16.98,79,2,89.9,28.52,"Alpha","test","baja","success"
65.99,27.61,87,2,50.2,12.18,"Gamma","test","baja","rolled_back"
4.61,12.52,79,3,79.4,9.29,"Delta","db","baja","success"
61.55,19.09,89,4,85,4.43,"Beta","api","alta","failed"
25.6,18.36,69,2,59.5,5.95,"Gamma","infra","baja","failed"
14.28,9.57,NA,NA,56.2,15.22,"Beta","ui","media","success"
17.74,31.33,87,3,76.6,8.3,"Gamma","auth","baja","success"
49.28,13.62,78,2,69.5,8.36,"Beta","api","media","failed"
125.99,26.83,98,1,57,6.64,"Beta","api","alta","success"
37.84,53.45,94,5,66.1,4.53,"Alpha","infra","crítica","success"
74.9,6.05,89,0,64.3,14,"Alpha","db","baja","failed"
41.1,17.98,85,3,77.7,3.97,"Alpha","db","crítica","success"
12.62,6.98,80,3,89.8,2.75,"Beta","api","baja","success"
77.88,63.28,81,4,55.3,4.03,"Gamma","test","media","rolled_back"
39.87,16.07,117,2,91.7,9.02,"Gamma","ui","media","success"
56.82,25.68,92,6,44.4,1.94,"Beta","db","alta","failed"
12.25,34.11,73,1,85.7,3.54,"Alpha","api","media","success"
23.97,24.99,80,1,88.5,20.65,"Alpha","infra","baja","success"
21.24,35.96,92,3,68.2,3.16,"Delta","api","alta","failed"
38.36,12.34,88,2,100,5.95,"Alpha","ui",NA,"rolled_back"
84.48,18.04,116,3,61,1.83,"Gamma","infra","crítica","success"
16.46,8.13,89,3,38.4,10.14,"Alpha","api","media","failed"
15.32,24.38,81,3,57,4.3,"Gamma","db","alta","success"
14.58,23.15,69,6,91.8,21.39,"Delta","test","media","failed"
76,20.14,91,3,83,NA,"Gamma","ui","crítica","failed"
37.05,22.56,82,0,93.2,22.6,"Delta","test","media","success"
41.31,24.03,82,5,90.6,12.65,"Gamma",NA,"media","success"
26.35,11.58,NA,1,83.1,8.57,"Delta","db","media","failed"
23.41,35.45,97,2,73.1,31,"Alpha","api","crítica","success"
54.78,13.1,96,2,58.4,5.34,"Alpha","ui","alta","failed"
29.9,20.77,86,2,76.1,5.65,"Beta","ui","media","success"
41.1,27.64,73,3,59.5,4.28,"Beta","infra","baja","rolled_back"
10.12,4.5,86,3,81.9,6.01,"Beta","db","alta","success"
116.64,8.5,93,1,47.9,1.73,"Gamma","api","crítica","failed"
74.26,17.16,84,4,73.5,13.1,"Delta","infra","crítica","success"
108.12,16.57,73,0,49.9,3.37,"Alpha","api","alta","success"
44.94,9.43,84,1,78,2.59,"Gamma","api","baja","success"
36.65,50.18,85,3,97.8,1.73,"Beta","api","baja","failed"
37.87,26.01,87,8,64.1,10.84,"Gamma","api","media","success"
36.78,4.78,75,1,64.2,14.58,"Delta","db","alta","rolled_back"
30.29,14.76,100,4,69,2.91,"Beta","api","media","rolled_back"
21.87,14.06,83,6,43.2,3.29,"Delta","ui","media","success"
39.4,8.43,95,4,44.3,4.32,"Alpha","test","media","success"
26.78,10.05,87,4,53.6,17.83,"Beta","api","crítica","success"
55.12,23.08,92,2,65.4,3.89,"Beta","ui","baja","failed"
32.71,18.25,80,3,84.8,24.47,"Gamma","infra","alta","success"
26,16.06,73,4,86.3,6.91,"Delta","api","crítica","rolled_back"
37.32,21.74,104,5,86.7,3.84,"Beta","db","alta","success"
34.86,24.84,62,3,52,5.77,"Delta","auth","alta","success"
21.24,8.24,87,2,81.1,9.66,"Beta","infra","alta","success"
35.72,10.84,84,1,78.4,14.61,"Alpha","infra","baja","success"
31.88,16.42,96,2,62.3,2.85,"Alpha","auth","alta","success"
55.06,8.65,82,3,66.9,8.72,"Delta","test","media","failed"
36.25,35.69,102,3,60.8,9.64,"Beta","auth","media","success"
28.13,9.87,74,3,65.3,1.95,"Delta","test","alta","rolled_back"
48.13,10.11,82,1,55.8,10.06,"Beta","db","baja","failed"
64.57,11.79,75,2,36.2,5.78,"Alpha","api","media","success"
45.94,19.07,93,2,65.3,9.26,"Alpha","ui","media","rolled_back"
23.94,NA,91,4,76.2,12.52,"Delta","ui","baja","rolled_back"
16.82,5.56,69,4,63.3,4.59,"Gamma","db","media","success"
12.6,NA,84,4,72.3,26.97,"Delta","db","baja","success"
54.14,47.22,82,1,85.9,4.19,"Alpha","infra","alta","success"
20.7,7.75,80,3,85.9,2.22,"Gamma","auth","baja","rolled_back"
85.67,38.48,82,1,100,37.38,"Beta","ui","media","rolled_back"
58.33,11.46,64,0,72,4.39,"Beta","infra","baja","success"
21.69,13.26,82,3,53.8,23.7,"Gamma","test","baja","rolled_back"
36.03,17.79,88,6,74,5.79,"Alpha","ui","crítica","failed"
NA,12.25,92,2,NA,8.07,"Delta","api","alta","success"
45.05,18.06,77,2,100,4.07,"Gamma","auth","media","success"
71.48,12.01,67,6,98.4,5.32,"Alpha","auth","media","success"
28.09,24.11,91,4,80.1,19.25,"Delta","api","alta","failed"
61.84,24.29,90,2,56.6,3.39,"Beta","api","alta","success"
NA,14.63,85,2,83.1,7.1,"Alpha","test","media","success"
211.69,29.25,84,4,57.2,15.11,"Gamma","ui","media","success"
20.19,44.14,83,3,98.3,8.65,"Alpha","infra","media","success"
23.67,16.35,90,0,71.6,18.37,"Alpha","auth","crítica","success"
30.01,5.18,79,4,62.4,21.38,"Beta","auth","alta","success"
33.63,6.16,92,2,45.3,17.55,"Beta","auth","alta","failed"
33.59,14.45,95,4,67.5,5.3,"Delta","db","baja","failed"
23.57,10.67,98,3,76.6,4.06,"Gamma","auth","media","failed"
60.48,12.93,89,3,55.8,4.27,"Alpha","infra","baja","success"
60.29,16.75,80,6,83.4,34.74,"Delta","db","crítica","success"
NA,8.63,92,1,76.4,9.63,"Gamma","test","crítica","success"
14.04,24.38,105,1,64.8,9.68,"Gamma","auth","media","success"
23.96,12.69,84,2,60.5,22.26,"Delta","api","alta","rolled_back"
42.53,23.28,75,3,53.9,7.83,"Beta","api","alta","failed"
22.64,12.77,81,1,67.1,2.49,"Alpha","auth","baja","success"
37.51,14.02,80,2,63.8,5.51,"Gamma","infra","baja","success"
26.12,3.66,95,1,70.3,3.8,"Alpha","api","alta","success"
94.42,20.83,75,4,78.8,7.89,"Alpha","auth","crítica","failed"
43.22,8.83,88,5,100,1.78,"Beta","auth","crítica","rolled_back"
19.69,24.4,100,0,92.4,17.11,"Beta","api","media","success"
51.43,25.85,89,4,87.9,2.91,"Gamma","infra","crítica","success"
49.81,17.45,89,3,83.7,2.71,"Gamma","api","baja","success"
16.23,10.98,89,4,43.8,5.55,"Gamma","db","crítica","success"
NA,9.79,82,3,59.6,13.41,"Beta","ui","alta","success"
33.72,24.47,73,2,69.4,2.16,"Beta","test","alta","rolled_back"
127.07,11.56,74,3,88.9,2.48,"Alpha","ui","baja","success"
11.58,14.23,98,7,71.2,11.99,"Gamma","db","baja","success"
27.01,27.57,91,4,73.5,15.22,"Alpha","ui","crítica","success"
453.35,21.23,80,1,76.5,1.76,"Beta","db","media","success"
19.76,15.96,99,5,76.1,8.66,"Beta","db","baja","rolled_back"
15.4,11.53,91,2,67.9,23.06,"Alpha","db","alta","failed"
46.12,6.57,97,5,82.4,3.02,"Alpha","auth","baja","rolled_back"
13.37,25.93,88,2,63.2,17.62,"Gamma","ui","alta","rolled_back"
110.83,11.73,92,3,72.1,13.63,"Alpha","auth","media","failed"
22.78,16.82,63,4,90.1,5.13,"Alpha","ui","media","success"
67.18,10.06,81,7,79.8,6.67,"Beta","auth","crítica","success"
51.01,11.61,61,4,51.1,9.08,"Alpha","auth","media","success"
33.69,19.82,102,4,57.1,2.02,"Delta","db","crítica","success"
29.76,15.42,80,3,65.9,3.62,"Delta","db","media","success"
10.38,14.8,75,NA,48.5,10.72,"Gamma","db","media","success"
14.27,35.13,79,1,92.7,18.61,"Beta","infra","alta","success"
13.46,32.58,76,3,41.5,9.92,"Gamma","api","media","success"
28.97,11.19,72,1,56.9,2.89,"Beta","auth","media","success"
120.42,26.58,87,4,70.3,1.62,"Alpha","test","alta","success"
40.09,19.07,97,2,85.7,3.95,"Delta","infra","baja","failed"
72.44,18.04,79,2,65.8,6.51,"Gamma","api","alta","success"
22.27,34.76,82,2,61.6,19.48,"Alpha","db","media","success"
21.58,NA,75,1,82.3,1.32,"Beta","infra","baja","success"
51.54,57.97,73,5,89.5,11.7,"Alpha","ui","media","success"
18.99,31.87,82,1,65.7,3.87,"Gamma","ui","baja","rolled_back"
13.63,10.91,79,4,NA,6.94,"Delta","api","baja","success"
27.47,17.72,99,2,88.5,2.44,"Alpha","auth","media","success"
20.13,22.11,90,3,66.1,3.96,"Delta","db","media","failed"
12.34,10.58,90,3,63.8,0.5,"Beta","api","baja","success"
75.39,14.29,84,2,76.3,2.01,"Delta","auth","alta","rolled_back"
26.56,5.79,91,4,43.5,2.05,"Beta","api","media","failed"
